id,mpName,house,state,constituency,allocatedAmount,totalExpenditure,utilizationPercentage,completedWorksCount,recommendedWorksCount,completionRate,pendingWorks,unspentAmount,completedWorksValue,totalCompletedAmount,inProgressPayments,paymentGapPercentage
6a932b5ecd944524379ee255,Shri Khiru Mahto (2022-28),Rajya Sabha,Bihar,Sitting Rajya Sabha,235770091.81,183791258.0,77.95359309106594,171,6,96.61016949152544,0,51978833.81,179942987.0,179942987.0,3848271.0,2.093827008899411
6a932b5bcd944524379edfb5,UTKARSH VERMA MADHUR,Lok Sabha,Uttar Pradesh,KHERI,147000000.0,74909150.0,50.958605442176875,347,13,96.38888888888889,0,72090850.0,72238022.0,72238022.0,2671128.0,3.5658234007461034
6a932b5ecd944524379ee266,Shri Mithlesh Kumar (2022-28),Rajya Sabha,Uttar Pradesh,Sitting Rajya Sabha,196063957.11,170753928.0,87.09093222279502,195,9,95.58823529411764,0,25310029.110000014,143813928.0,143813928.0,26940000.0,15.777089473455629
6a932b5bcd944524379edf59,SHER SINGH GHUBAYA,Lok Sabha,Punjab,FIROZPUR,147000000.0,94266196.0,64.12666394557823,361,34,91.39240506329114,0,52733804.0,88106251.0,88106251.0,6159945.0,6.53462774715127
6a932b5bcd944524379edf1e,Rajkumar Chahar ,Lok Sabha,Uttar Pradesh,FATEHPUR SIKRI,147000000.0,96369831.0,65.5577081632653,45,5,90.0,0,50630169.0,95259092.0,95259092.0,1110739.0,1.1525795868626147
6a932b5bcd944524379edf88,SMITA UDAY WAGH,Lok Sabha,Maharashtra,JALGAON,148107373.11,14030677.0,9.473314329583951,9,1,90.0,0,134076696.11,14030677.0,14030677.0,0.0,0.0
6a932b5bcd944524379edf76,Shri Narendra Modi,Lok Sabha,Uttar Pradesh,VARANASI,162070276.11,88819703.0,54.80320335834836,192,25,88.47926267281106,0,73250573.11000001,89119541.0,89119541.0,0.0,0.0
6a932b5bcd944524379edf1a,RAJESH VERMA,Lok Sabha,Bihar,KHAGARIA,147000000.0,74186362.0,50.46691292517007,67,9,88.1578947368421,0,72813638.0,72871598.0,72871598.0,1314764.0,1.7722448770300936
6a932b5bcd944524379ede1f,CN Annadurai,Lok Sabha,Tamil Nadu,TIRUVANNAMALAI,148579509.11,87500808.0,58.89157160643145,171,23,88.14432989690721,0,61078701.110000014,79786644.0,79786644.0,7714164.0,8.81610601812957
6a932b5bcd944524379edea2,Kiren Rijiju,Lok Sabha,Arunachal Pradesh,ARUNACHAL WEST,147000000.0,87533016.0,59.5462693877551,114,17,87.02290076335878,0,59466984.0,80040499.0,80040499.0,7492517.0,8.559646796587016
