id,name,mpName,house,totalMPs,totalAllocated,totalExpenditure,utilizationPercentage,totalWorksCompleted,totalWorksRecommended,state
Sitting Rajya Sabha,Sitting Rajya Sabha,Smt. S. Phangnon Konyak (2022-28),Rajya Sabha,1,206563957.11,196418200.0,95.08832167433879,57,20,Nagaland
NAGALAND,NAGALAND,S SUPONGMEREN JAMIR,Lok Sabha,1,147000000.0,138150000.0,93.9795918367347,38,18,Nagaland
SIKKIM,SIKKIM,Indra Hang Subba,Lok Sabha,1,152003923.11,98023420.0,64.48742768899709,38,81,Sikkim
Sitting Rajya Sabha,Sitting Rajya Sabha,Shri Dorjee Tshering Lepcha (2024-30),Rajya Sabha,1,150170726.11,91921040.0,61.21102453261621,85,33,Sikkim
SHILLONG,SHILLONG,ANDREW J. SYNGKON,Lok Sabha,1,98000000.0,70505000.0,71.9438775510204,98,146,Meghalaya
TURA,TURA,SALENG A SANGMA,Lok Sabha,1,147000000.0,97120000.0,66.06802721088435,130,218,Meghalaya
Sitting Rajya Sabha,Sitting Rajya Sabha,Shri James Pangsang Kongkal Sangma (2026-32),Rajya Sabha,1,49000000.0,0.0,0.0,0,0,Meghalaya
MIZORAM,MIZORAM,RICHARD VANLALHMANGAIHA,Lok Sabha,1,147000000.0,96361729.0,65.55219659863945,134,132,Mizoram
Sitting Rajya Sabha,Sitting Rajya Sabha,Shri Khiangte Laltluangkima (2026-32),Rajya Sabha,1,24500000.0,0.0,0.0,0,0,Mizoram
ARUNACHAL EAST,ARUNACHAL EAST,Shri Tapir Gao,Lok Sabha,1,147000000.0,98534470.0,67.03025170068028,106,58,Arunachal Pradesh
ARUNACHAL WEST,ARUNACHAL WEST,Kiren Rijiju,Lok Sabha,1,147000000.0,87533016.0,59.5462693877551,114,17,Arunachal Pradesh
Sitting Rajya Sabha,Sitting Rajya Sabha,Shri Tai Tagak (2026-32),Rajya Sabha,1,49000000.0,0.0,0.0,0,0,Arunachal Pradesh
INNER MANIPUR,INNER MANIPUR,ANGOMCHA BIMOL AKOIJAM,Lok Sabha,1,147000000.0,93860392.0,63.85060680272109,21,29,Manipur
OUTER MANIPUR,OUTER MANIPUR,ALFRED KANNGAM S ARTHUR,Lok Sabha,1,147000000.0,84951963.0,57.79045102040816,15,20,Manipur
Sitting Rajya Sabha,Sitting Rajya Sabha,Smt. Adhikarimayum Sharda Devi (2026-32),Rajya Sabha,1,49000000.0,0.0,0.0,0,10,Manipur
SHAHJAHANPUR,SHAHJAHANPUR,Shri Arun Kumar Sagar ,Lok Sabha,1,147000000.0,138723000.0,94.36938775510204,4,3,Uttar Pradesh
MISRIKH,MISRIKH,Ashok Kumar Rawat,Lok Sabha,1,147000000.0,121139986.0,82.4081537414966,2,3,Uttar Pradesh
FARRUKHABAD,FARRUKHABAD,Mukesh Rajput,Lok Sabha,1,147000000.0,108417412.0,73.75334149659864,246,49,Uttar Pradesh
BASTI,BASTI,RAM PRASAD CHAUDHARY,Lok Sabha,1,204176957.11,148429426.0,72.69646296081976,37,146,Uttar Pradesh
BULANDSHAHR,BULANDSHAHR,Bhola Singh,Lok Sabha,1,147000000.0,101017522.0,68.71940272108844,142,148,Uttar Pradesh
HATHRAS,HATHRAS,ANOOP PRADHAN BALMIKI,Lok Sabha,1,147000000.0,97915147.0,66.60894353741497,69,37,Uttar Pradesh
AONLA,AONLA,NEERAJ MAURYA,Lok Sabha,1,147000000.0,97488644.0,66.31880544217688,17,19,Uttar Pradesh
FATEHPUR SIKRI,FATEHPUR SIKRI,Rajkumar Chahar ,Lok Sabha,1,147000000.0,96369831.0,65.5577081632653,45,5,Uttar Pradesh
FIROZABAD,FIROZABAD,AKSHAYA YADAV,Lok Sabha,1,147000000.0,95931875.0,65.25977891156462,37,6,Uttar Pradesh
BAREILLY,BAREILLY,CHHATRA PAL SINGH GANGWAR,Lok Sabha,1,147000000.0,95712065.0,65.11024829931972,142,44,Uttar Pradesh
MAHARAJGANJ,MAHARAJGANJ,Pankaj Chowdhary,Lok Sabha,1,147000000.0,95676373.0,65.08596802721088,35,30,Uttar Pradesh
KAISERGANJ,KAISERGANJ,KARAN BHUSHAN SINGH,Lok Sabha,1,147000000.0,95454825.0,64.93525510204081,33,75,Uttar Pradesh
AGRA,AGRA,Prof SP Singh Baghel,Lok Sabha,1,147000000.0,93200157.0,63.40146734693878,55,55,Uttar Pradesh
ETAWAH,ETAWAH,JITENDRA KUMAR DOHARE,Lok Sabha,1,188747306.26,119571988.0,63.350301717837084,192,322,Uttar Pradesh
PHULPUR,PHULPUR,PRAVEEN PATEL,Lok Sabha,1,151559884.09,95102075.0,62.748843845463774,14,10,Uttar Pradesh
FAIZABAD,FAIZABAD,AWADHESH PRASAD,Lok Sabha,1,147000000.0,92097873.0,62.65161428571429,108,106,Uttar Pradesh
SITAPUR,SITAPUR,RAKESH RATHOR,Lok Sabha,1,147000000.0,91524162.0,62.261334693877544,21,50,Uttar Pradesh
ROBERTSGANJ,ROBERTSGANJ,CHHOTELAL,Lok Sabha,1,147000000.0,90952339.0,61.87233945578231,261,174,Uttar Pradesh
ALIGARH,ALIGARH,Shri Satish Kumar Gautam ,Lok Sabha,1,147000000.0,87713538.0,59.669073469387754,21,55,Uttar Pradesh
NAGINA,NAGINA,CHANDRA SHEKHAR,Lok Sabha,1,147000000.0,87033825.0,59.206683673469385,286,227,Uttar Pradesh
BADAUN,BADAUN,ADITYA YADAV,Lok Sabha,1,147000000.0,86893966.0,59.11154149659864,41,64,Uttar Pradesh
CHANDAULI,CHANDAULI,VIRENDRA SINGH,Lok Sabha,1,147000000.0,86345853.0,58.73867551020409,13,22,Uttar Pradesh
AMBEDKAR NAGAR,AMBEDKAR NAGAR,LALJI VERMA,Lok Sabha,1,147000000.0,86165424.0,58.61593469387755,61,202,Uttar Pradesh
HARDOI,HARDOI,Jai Prakash,Lok Sabha,1,147000000.0,85755277.0,58.33692312925171,3,21,Uttar Pradesh
Sitting Rajya Sabha,Sitting Rajya Sabha,Dr. K. Laxman (2022-28),Rajya Sabha,31,5670805833.97,3303547202.42,58.255339701998984,2966,2837,Uttar Pradesh
SULTANPUR,SULTANPUR,RAMBHUAL NISHAD,Lok Sabha,1,151231957.11,87473694.0,57.84074720158199,6,46,Uttar Pradesh
BARABANKI,BARABANKI,TANUJ PUNIA,Lok Sabha,1,148198170.11,83397272.0,56.27415772954445,13,20,Uttar Pradesh
LALGANJ,LALGANJ,DAROGA PRASAD SAROJ,Lok Sabha,1,147000000.0,82499872.0,56.12236190476191,58,236,Uttar Pradesh
GAUTAM BUDDHA NAGAR,GAUTAM BUDDHA NAGAR,Mahesh Sharma,Lok Sabha,1,148816284.11,83408358.0,56.04787036501149,68,103,Uttar Pradesh
ETAH,ETAH,DEVESH SHAKYA,Lok Sabha,1,147000000.0,81351075.0,55.34086734693877,220,106,Uttar Pradesh
DEORIA,DEORIA,SHASHANK MANI,Lok Sabha,1,147000000.0,80936917.0,55.05912721088435,45,81,Uttar Pradesh
BIJNOR,BIJNOR,CHANDAN CHAUHAN,Lok Sabha,1,147000000.0,80796698.0,54.96374013605442,14,102,Uttar Pradesh
VARANASI,VARANASI,Shri Narendra Modi,Lok Sabha,1,162070276.11,88819703.0,54.80320335834836,192,25,Uttar Pradesh
KUSHI NAGAR,KUSHI NAGAR,Vijay Kumar Dubey,Lok Sabha,1,148900000.0,80256423.0,53.89954533243788,132,90,Uttar Pradesh
AMROHA,AMROHA,KANWAR SINGH TANWAR,Lok Sabha,1,147000000.0,78135018.0,53.153073469387756,59,46,Uttar Pradesh
DHAURAHRA,DHAURAHRA,ANAND BHADAURIYA,Lok Sabha,1,147000000.0,76758938.0,52.21696462585034,132,45,Uttar Pradesh
BANDA,BANDA,KRISHNA DEVI SHIVSHANKER PATEL,Lok Sabha,1,147000000.0,75878699.67,51.61816304081632,202,240,Uttar Pradesh
KANPUR,KANPUR,RAMESH AWASTHI,Lok Sabha,1,147000000.0,75758324.0,51.53627482993197,48,66,Uttar Pradesh
BHADOHI,BHADOHI,VINOD KUMAR BIND,Lok Sabha,1,147000000.0,75517267.0,51.37229047619047,407,137,Uttar Pradesh
KHERI,KHERI,UTKARSH VERMA MADHUR,Lok Sabha,1,147000000.0,74909150.0,50.958605442176875,347,13,Uttar Pradesh
RAMPUR,RAMPUR,MOHIBBULLAH,Lok Sabha,1,147000000.0,74744421.0,50.84654489795918,219,161,Uttar Pradesh
GHAZIPUR,GHAZIPUR,AFZAL ANSARI,Lok Sabha,1,220500000.0,106722563.0,48.40025532879819,35,396,Uttar Pradesh
GONDA,GONDA,Kirti Vardhan Singh,Lok Sabha,1,147000000.0,71075338.0,48.35057006802721,35,118,Uttar Pradesh
AMETHI,AMETHI,KISHORI LAL,Lok Sabha,1,171500000.0,82481354.0,48.094083965014576,19,31,Uttar Pradesh
LUCKNOW,LUCKNOW,Rajnath Singh,Lok Sabha,1,154808797.11,74407887.0,48.06437902048239,31,71,Uttar Pradesh
MACHHLISHAHR,MACHHLISHAHR,PRIYA SAROJ,Lok Sabha,1,147000000.0,69805592.0,47.48679727891157,725,670,Uttar Pradesh
UNNAO,UNNAO,Swami Sachchidanandhari Sakshi ji Maharaj ,Lok Sabha,1,147000000.0,68421377.0,46.54515442176871,12,77,Uttar Pradesh
JHANSI,JHANSI,Anurag Sharma ,Lok Sabha,1,147000000.0,67201462.0,45.71528027210884,85,83,Uttar Pradesh
BAHRAICH,BAHRAICH,ANAND KUMAR,Lok Sabha,1,147000000.0,66987751.0,45.56989863945578,32,79,Uttar Pradesh
MEERUT,MEERUT,ARUN GOVIL,Lok Sabha,1,147000000.0,66737649.0,45.3997612244898,36,196,Uttar Pradesh
LOHARDAGA,LOHARDAGA,SUKHDEO BHAGAT,Lok Sabha,1,171821957.11,138586757.0,80.65718685259597,80,204,Jharkhand
RANCHI,RANCHI,Sanjay Seth ,Lok Sabha,1,147064357.11,88234955.0,59.997511792747126,49,101,Jharkhand
DUMKA,DUMKA,NALIN SOREN,Lok Sabha,1,147364097.11,86550781.0,58.73261038297145,106,319,Jharkhand
Sitting Rajya Sabha,Sitting Rajya Sabha,Shri Aditya Prasad (2022-28),Rajya Sabha,5,866281611.5799999,506281517.0,58.44306403740922,335,958,Jharkhand
PALAMU,PALAMU,Vishnu Dayal Ram,Lok Sabha,1,158176083.11,83852477.0,53.01210862686913,117,154,Jharkhand
KHUNTI,KHUNTI,KALI CHARAN MUNDA,Lok Sabha,1,147000000.0,77772545.0,52.90649319727891,31,274,Jharkhand
JAMSHEDPUR,JAMSHEDPUR,Bidyut Baran Mahato,Lok Sabha,1,147000000.0,75745972.0,51.52787210884354,2,176,Jharkhand
SINGHBHUM,SINGHBHUM,JOBA MAJHI,Lok Sabha,1,147000000.0,59054467.0,40.17310680272109,0,118,Jharkhand
GIRIDIH,GIRIDIH,Shri Chandra Prakash Choudhary,Lok Sabha,1,147000000.0,55034366.0,37.438344217687074,49,625,Jharkhand
DHANBAD,DHANBAD,DULU MAHATO,Lok Sabha,1,147000000.0,50907360.0,34.63085714285714,57,322,Jharkhand
CHATRA,CHATRA,KALI CHARAN SINGH,Lok Sabha,1,147000000.0,49787316.0,33.868922448979596,75,429,Jharkhand
KODARMA,KODARMA,Annpurna Devi ,Lok Sabha,1,166665931.8,42079828.0,25.24800812351742,85,303,Jharkhand
RAJMAHAL,RAJMAHAL,Vijay Kumar Hansdak,Lok Sabha,1,147223957.11,28886697.0,19.62092146349319,0,468,Jharkhand
GODDA,GODDA,Nishikant Dubey,Lok Sabha,1,147000000.0,1785510.0,1.2146326530612244,0,2,Jharkhand
HAZARIBAGH,HAZARIBAGH,MANISH JAISWAL,Lok Sabha,1,147000000.0,0.0,0.0,0,164,Jharkhand
SIWAN,SIWAN,VIJAYLAKSHMI DEVI,Lok Sabha,1,147000000.0,134748616.0,91.66572517006803,95,87,Bihar
VAISHALI,VAISHALI,Smt Veena Devi ,Lok Sabha,1,147000000.0,131108889.0,89.18972040816327,30,29,Bihar
ARARIA,ARARIA,Pradeep Kumar Singh,Lok Sabha,1,147000000.0,118278146.0,80.4613238095238,39,47,Bihar
BANKA,BANKA,Giridhari Yadav,Lok Sabha,1,147000000.0,114805889.0,78.09924421768707,85,35,Bihar
JHANJHARPUR,JHANJHARPUR,Ramprit Mandal,Lok Sabha,1,147000000.0,107510581.0,73.13644965986394,90,91,Bihar
JAMUI,JAMUI,ARUN BHARTI,Lok Sabha,1,194924621.11,132883940.0,68.17196270193637,218,110,Bihar
BUXAR,BUXAR,SUDHAKAR SINGH,Lok Sabha,1,185211956.54,123581875.0,66.72456644196735,98,106,Bihar
MUZAFFARPUR,MUZAFFARPUR,RAJ BHUSHAN CHOUDHARY,Lok Sabha,1,147000000.0,96375137.0,65.56131768707483,77,43,Bihar
SASARAM,SASARAM,MANOJ KUMAR,Lok Sabha,1,147000000.0,95686097.0,65.09258299319728,82,112,Bihar
MADHEPURA,MADHEPURA,Dinesh Chandra Yadav,Lok Sabha,1,150070866.11,92486814.0,61.628760063401224,105,51,Bihar
KISHANGANJ,KISHANGANJ,Dr Mohammad Jawed,Lok Sabha,1,148669229.11,89065400.0,59.90842929178083,130,74,Bihar
SUPAUL,SUPAUL,Dileshwar Kamait ,Lok Sabha,1,150450930.89,89329681.0,59.37462830676142,46,85,Bihar
KATIHAR,KATIHAR,TARIQ ANWAR,Lok Sabha,1,147000000.0,79735060.0,54.24153741496599,60,26,Bihar
DARBHANGA,DARBHANGA,Mr Gopal Jee Thakur,Lok Sabha,1,147000000.0,75767756.0,51.54269115646258,59,120,Bihar
BHAGALPUR,BHAGALPUR,Ajay Kumar Mandal,Lok Sabha,1,147000000.0,75252620.0,51.192258503401355,38,36,Bihar
KHAGARIA,KHAGARIA,RAJESH VERMA,Lok Sabha,1,147000000.0,74186362.0,50.46691292517007,67,9,Bihar
AURANGABAD,AURANGABAD,ABHAY KUMAR SINHA,Lok Sabha,1,147000000.0,73566109.0,50.04497210884353,124,147,Bihar
PURNEA,PURNEA,RAJESH RANJAN ALIAS PAPPU YADAV,Lok Sabha,1,147000000.0,72622818.0,49.40327755102041,46,125,Bihar
KARAKAT,KARAKAT,RAJA RAM SINGH,Lok Sabha,1,147000000.0,71841783.0,48.871961224489795,114,212,Bihar
MADHUBANI,MADHUBANI,Ashok Kumar Yadav ,Lok Sabha,1,147000000.0,70438959.0,47.917659183673464,81,108,Bihar
PURVI CHAMPARAN,PURVI CHAMPARAN,Radha Mohan Singh,Lok Sabha,1,147000000.0,69803891.0,47.48564013605442,60,64,Bihar
Sitting Rajya Sabha,Sitting Rajya Sabha,Dr. Dharmshila Gupta (2024-30),Rajya Sabha,15,2514024157.4700003,1171952567.0,46.61659926845731,1167,639,Bihar
JAHANABAD,JAHANABAD,SURENDRA PRASAD YADAV,Lok Sabha,1,155325714.0,70973331.0,45.69322694373708,141,161,Bihar
VALMIKI NAGAR,VALMIKI NAGAR,Sunil Kumar ,Lok Sabha,1,147000000.0,63664429.0,43.30913537414966,79,183,Bihar
GAYA,GAYA,JITAN RAM MANJHI,Lok Sabha,1,147000000.0,61088844.0,41.557036734693874,152,108,Bihar
ARRAH,ARRAH,SUDAMA PRASAD,Lok Sabha,1,147000000.0,57716958.0,39.263236734693876,66,153,Bihar
PATNA SAHIB,PATNA SAHIB,Ravi Shankar Prasad,Lok Sabha,1,147000000.0,56647683.0,38.53583877551021,60,24,Bihar
HAJIPUR,HAJIPUR,CHIRAG PASWAN,Lok Sabha,1,147000000.0,52494828.0,35.71076734693877,47,66,Bihar
GOPALGANJ,GOPALGANJ,Alok Kumar Suman,Lok Sabha,1,147000000.0,50920280.0,34.639646258503404,43,112,Bihar
MAHARAJGANJ,MAHARAJGANJ,Shri Janardan Singh Sigriwal ,Lok Sabha,1,147000000.0,47230253.0,32.12942380952381,18,56,Bihar
NALANDA,NALANDA,Kaushalendra Kumar,Lok Sabha,1,147000000.0,44912846.0,30.552956462585033,92,74,Bihar
SHEOHAR,SHEOHAR,LOVELY ANAND,Lok Sabha,1,147000000.0,43561211.0,29.6334768707483,24,67,Bihar
SITAMARHI,SITAMARHI,DEVESH CHANDRA THAKUR,Lok Sabha,1,163809205.11,41894417.0,25.57512990302795,119,90,Bihar
BEGUSARAI,BEGUSARAI,Giriraj Singh,Lok Sabha,1,147000000.0,32994877.0,22.445494557823128,17,50,Bihar
SAMASTIPUR,SAMASTIPUR,SHAMBHAVI,Lok Sabha,1,147000000.0,26689204.0,18.155921088435374,16,111,Bihar
UJJARPUR,UJJARPUR,Nityanand Rai,Lok Sabha,1,147000000.0,22994739.0,15.642679591836734,40,54,Bihar
NAWADA,NAWADA,VIVEK THAKUR,Lok Sabha,1,147000000.0,3164487.0,2.1527122448979594,1,85,Bihar
MUNGER,MUNGER,Rajiv Ranjan (Lalan) Singh,Lok Sabha,1,147000000.0,0.0,0.0,0,1,Bihar
SARAN,SARAN,Rajiv Pratap Rudy,Lok Sabha,1,147000000.0,0.0,0.0,0,12,Bihar
PASCHIM CHAMPARAN,PASCHIM CHAMPARAN,Sanjay Jaiswal,Lok Sabha,1,147000000.0,0.0,0.0,0,0,Bihar
PATALIPUTRA,PATALIPUTRA,MISHA BHARTI,Lok Sabha,1,147000000.0,0.0,0.0,0,0,Bihar
ARANI,ARANI,THARANIVENTHAN M S,Lok Sabha,1,168337124.35,111315790.0,66.12670284693503,180,137,Tamil Nadu
TENKASI,TENKASI,DR RANI SRI KUMAR,Lok Sabha,1,153060922.82,99919930.0,65.28114959656037,102,58,Tamil Nadu
DINDIGUL,DINDIGUL,SACHITHANANTHAM R,Lok Sabha,1,147000000.0,91226196.0,62.05863673469387,50,84,Tamil Nadu
SIVAGANGA,SIVAGANGA,Shri Karti P Chidambaram ,Lok Sabha,1,159049284.11,98344507.0,61.83272534064598,117,67,Tamil Nadu
VIRUDHUNAGAR,VIRUDHUNAGAR,Manickam Tagore B,Lok Sabha,1,147000000.0,90165437.0,61.33703197278911,69,19,Tamil Nadu
KALLAKURICHI,KALLAKURICHI,MALAIYARASAN D,Lok Sabha,1,201599593.0,121901141.0,60.46695788716201,198,191,Tamil Nadu
KANCHEEPURAM,KANCHEEPURAM,Ganesan Selvam,Lok Sabha,1,186508749.11,110717216.0,59.36301461906255,273,177,Tamil Nadu
ERODE,ERODE,K E PRAKASH,Lok Sabha,1,147000000.0,87182728.0,59.307978231292516,141,101,Tamil Nadu
TIRUVANNAMALAI,TIRUVANNAMALAI,CN Annadurai,Lok Sabha,1,148579509.11,87500808.0,58.89157160643145,171,23,Tamil Nadu
NAMAKKAL,NAMAKKAL,V S Matheswaran,Lok Sabha,1,162539930.11,90580955.0,55.7284323542521,140,70,Tamil Nadu
TIRUPPUR,TIRUPPUR,K Subbarayan,Lok Sabha,1,147000000.0,81901423.0,55.715253741496596,65,53,Tamil Nadu
VILUPPURAM,VILUPPURAM,D Ravikumar ,Lok Sabha,1,197598306.11,104427486.0,52.848371049226905,222,66,Tamil Nadu
TIRUVALLUR,TIRUVALLUR,Sasikanth Senthil,Lok Sabha,1,171500000.0,89433784.0,52.14797900874636,87,95,Tamil Nadu
THANJAVUR,THANJAVUR,MURASOLI S,Lok Sabha,1,147000000.0,76201785.0,51.83794897959184,45,44,Tamil Nadu
CHENNAI NORTH,CHENNAI NORTH,Kalanidhi Veeraswamy,Lok Sabha,1,171500000.0,83933669.0,48.94091486880466,40,60,Tamil Nadu
NILGIRIS,NILGIRIS,Andimuthu Raja,Lok Sabha,1,147000000.0,71485310.0,48.62946258503401,73,41,Tamil Nadu
CUDDALORE,CUDDALORE,M.K. VISHNUPRASAD,Lok Sabha,1,147000000.0,71295556.0,48.500378231292515,74,40,Tamil Nadu
CHIDAMBARAM,CHIDAMBARAM,Thirumaa Valavan Thol,Lok Sabha,1,147000000.0,68203692.0,46.3970693877551,45,32,Tamil Nadu
PERAMBALUR,PERAMBALUR,ARUN NEHRU,Lok Sabha,1,147000000.0,67653424.0,46.02273741496599,54,28,Tamil Nadu
Sitting Rajya Sabha,Sitting Rajya Sabha,Dr. Anbumani Ramadoss (2026-32),Rajya Sabha,18,2092699543.63,937813038.0,44.81355390240435,711,463,Tamil Nadu
TIRUCHIRAPPALLI,TIRUCHIRAPPALLI,DURAI VAIKO,Lok Sabha,1,147000000.0,65218053.0,44.36602244897959,45,33,Tamil Nadu
DHARAMAPURI,DHARAMAPURI,MANI. A.,Lok Sabha,1,164515071.11,67070637.0,40.768688575136345,63,315,Tamil Nadu
THOOTHUKKUDI,THOOTHUKKUDI,Kanimozhi Karunanidhi,Lok Sabha,1,147000000.0,58344698.0,39.69027074829932,12,39,Tamil Nadu
TIRUNELVELI,TIRUNELVELI,ROBERT BRUCE C,Lok Sabha,1,147475440.11,55819028.0,37.849711082987994,60,51,Tamil Nadu
RAMANATHAPURAM,RAMANATHAPURAM,Kani K Navas,Lok Sabha,1,147000000.0,54855096.0,37.31639183673469,68,41,Tamil Nadu
SRIPERUMBUDUR,SRIPERUMBUDUR,Thalikkottai Rajuthevar Baalu,Lok Sabha,1,196905535.11,71998395.0,36.56494214841577,63,63,Tamil Nadu
POLLACHI,POLLACHI,ESWARASAMY K,Lok Sabha,1,162315106.11,59028493.0,36.36660469543527,46,34,Tamil Nadu
NAGAPATTINAM,NAGAPATTINAM,SELVARAJ V,Lok Sabha,1,147000000.0,50673389.0,34.47169319727891,44,41,Tamil Nadu
THENI,THENI,THANGA TAMILSELVAN,Lok Sabha,1,147000000.0,49328291.0,33.556660544217685,24,72,Tamil Nadu
KANNIYAKUMARI,KANNIYAKUMARI,Shri vijayakumar Vasanth,Lok Sabha,1,171500000.0,57305751.0,33.41443206997084,39,62,Tamil Nadu
MADURAI,MADURAI,S Venkatesan,Lok Sabha,1,147000000.0,48171006.0,32.7693918367347,46,81,Tamil Nadu
KARUR,KARUR,Smt S Jothimani,Lok Sabha,1,147000000.0,47711966.0,32.457119727891154,86,90,Tamil Nadu
COIMBATORE,COIMBATORE,GANAPATHY RAJKUMAR P,Lok Sabha,1,147370490.11,43662823.0,29.627928201507146,7,62,Tamil Nadu
KRISHNAGIRI,KRISHNAGIRI,GOPINATH K,Lok Sabha,1,147000000.0,42753233.0,29.083831972789113,36,77,Tamil Nadu
ARAKKONAM,ARAKKONAM,S. Jagathrakshakan,Lok Sabha,1,180589332.34,52167418.0,28.887319823400816,34,130,Tamil Nadu
MAYILADUTHURAI,MAYILADUTHURAI,SUDHA R,Lok Sabha,1,147332315.11,33193145.0,22.529439638016694,22,127,Tamil Nadu
VELLORE,VELLORE,D M Kathir Anand,Lok Sabha,1,160196941.11,34828146.0,21.740830853995572,15,67,Tamil Nadu
CHENNAI CENTRAL,CHENNAI CENTRAL,Thiru Dayanidhi Maran,Lok Sabha,1,147000000.0,30478390.0,20.73359863945578,4,8,Tamil Nadu
Nominated Rajya Sabha,Nominated Rajya Sabha,Shri Ilaiyaraaja (2022-28),Rajya Sabha,1,220563957.11,44381022.0,20.12161124669441,17,10,Tamil Nadu
CHENNAI SOUTH,CHENNAI SOUTH,T Sumathy (A) Thamizhachi Thangapandian ,Lok Sabha,1,147000000.0,28530278.0,19.408352380952383,5,25,Tamil Nadu
SALEM,SALEM,SELVAGANAPATHI T M,Lok Sabha,1,147000000.0,4244214.0,2.8872204081632655,0,17,Tamil Nadu
FIROZPUR,FIROZPUR,SHER SINGH GHUBAYA,Lok Sabha,1,147000000.0,94266196.0,64.12666394557823,361,34,Punjab
FARIDKOT,FARIDKOT,SARABJEET SINGH KHALSA,Lok Sabha,1,150850348.15,93855473.0,62.21760450076893,227,389,Punjab
ANANDPUR SAHIB,ANANDPUR SAHIB,MALVINDER SINGH KANG,Lok Sabha,1,147000000.0,78725294.0,53.55462176870748,109,236,Punjab
BHATINDA,BHATINDA,Smt Harsimrat Kaur Badal,Lok Sabha,1,159775982.39,85393082.0,53.44550584052272,147,206,Punjab
HOSHIARPUR,HOSHIARPUR,DR. RAJ KUMAR CHABBEWAL,Lok Sabha,1,147000000.0,75344197.0,51.25455578231293,93,186,Punjab
AMRITSAR,AMRITSAR,Shri Gurjeet Singh Aujla,Lok Sabha,1,147000000.0,67439837.0,45.87744013605442,91,190,Punjab
Sitting Rajya Sabha,Sitting Rajya Sabha,Dr. Vikramjit Singh Sahney (2022-28),Rajya Sabha,7,1356919670.91,580223595.67,42.76034964404936,486,472,Punjab
SANGRUR,SANGRUR,GURMEET SINGH MEET HAYER,Lok Sabha,1,147000000.0,57080005.0,38.82993537414966,151,237,Punjab
GURDASPUR,GURDASPUR,SUKHJINDER SINGH RANDHAWA,Lok Sabha,1,147000000.0,56537028.0,38.46056326530613,90,237,Punjab
PATIALA,PATIALA,DR DHARAMVIRA GANDHI,Lok Sabha,1,147000000.0,52978687.0,36.0399231292517,57,275,Punjab
FATEHGARH SAHIB,FATEHGARH SAHIB,Shri Amar Singh,Lok Sabha,1,147000000.0,43529649.0,29.61200612244898,60,289,Punjab
LUDHIANA,LUDHIANA,AMRINDER SINGH RAJA WARRING,Lok Sabha,1,147000000.0,33972409.0,23.11048231292517,59,187,Punjab
JALANDHAR,JALANDHAR,CHARANJIT SINGH CHANNI,Lok Sabha,1,147000000.0,26344017.0,17.921100000000003,58,151,Punjab
SHIMLA,SHIMLA,Suresh Kumar Kashyap,Lok Sabha,1,153563957.11,90424211.0,58.88374635672346,83,446,Himachal Pradesh
Sitting Rajya Sabha,Sitting Rajya Sabha,Dr. Sikander Kumar (2022-28),Rajya Sabha,3,403863957.11,202684957.04000002,50.18644359610306,321,534,Himachal Pradesh
KANGRA,KANGRA,RAJEEV BHARDWAJ,Lok Sabha,1,179388967.11,80773156.0,45.026824838380655,204,424,Himachal Pradesh
MANDI,MANDI,Kangana Ranaut,Lok Sabha,1,147000000.0,50240820.0,34.17742857142857,68,267,Himachal Pradesh
HAMIRPUR,HAMIRPUR,Anurag Singh Thakur,Lok Sabha,1,149570117.11,18576823.0,12.42014338087189,45,162,Himachal Pradesh
SIDHI,SIDHI,DR. RAJESH MISHRA,Lok Sabha,1,262724510.35,184983789.0,70.40979494207286,172,169,Madhya Pradesh
SAGAR,SAGAR,DR. LATA WANKHEDE,Lok Sabha,1,147000000.0,99315853.0,67.56180476190477,103,155,Madhya Pradesh
RAJGARH,RAJGARH,Rodmal Nagar ,Lok Sabha,1,147000000.0,92107905.0,62.658438775510206,54,301,Madhya Pradesh
BALAGHAT,BALAGHAT,BHARTI PARDHI,Lok Sabha,1,154398389.01,92426127.0,59.86210581122954,80,85,Madhya Pradesh
REWA,REWA,Janardan Mishra,Lok Sabha,1,147000000.0,86935425.0,59.139744897959176,1,106,Madhya Pradesh
BETUL,BETUL,Durga Das Uikey ,Lok Sabha,1,151569502.91,85636977.0,56.500137135667806,288,214,Madhya Pradesh
KHANDWA,KHANDWA,Gyaneshwar Patil,Lok Sabha,1,155690684.77,86011926.0,55.24539000330327,164,222,Madhya Pradesh
DHAR,DHAR,SAVITRI THAKUR,Lok Sabha,1,147000000.0,79325366.0,53.962834013605445,179,160,Madhya Pradesh
UJJAIN,UJJAIN,Shri Anil Firojiya,Lok Sabha,1,147000000.0,76951399.0,52.34789047619047,152,96,Madhya Pradesh
INDORE,INDORE,Shankar Lalwani,Lok Sabha,1,147000000.0,76896131.0,52.31029319727891,145,137,Madhya Pradesh
KHARGONE,KHARGONE,Gajendra Singh Patel,Lok Sabha,1,147000000.0,68043845.0,46.28832993197279,104,232,Madhya Pradesh
DAMOH,DAMOH,RAHUL SINGH LODHI,Lok Sabha,1,163058785.37,72714957.0,44.59432028455321,173,126,Madhya Pradesh
BHOPAL,BHOPAL,ALOK SHARMA,Lok Sabha,1,147000000.0,62492243.0,42.511729931972795,22,67,Madhya Pradesh
Sitting Rajya Sabha,Sitting Rajya Sabha,Dr. Kavita Patidar (2022-28),Rajya Sabha,11,1495746435.5700002,617401011.12,41.27711732668916,376,988,Madhya Pradesh
SHAHDOL,SHAHDOL,Smt Himadri Singh,Lok Sabha,1,150724861.11,57863796.0,38.39034620690121,45,124,Madhya Pradesh
GUNA,GUNA,JYOTIRADITYA M. SCINDIA,Lok Sabha,1,147000000.0,55870850.0,38.007380952380956,45,18,Madhya Pradesh
RATLAM,RATLAM,ANITA NAGARSINGH CHOUHAN,Lok Sabha,1,147000000.0,55091448.0,37.47717551020408,74,129,Madhya Pradesh
CHHINDWARA,CHHINDWARA,BUNTY VIVEK SAHU,Lok Sabha,1,147000000.0,54579699.0,37.12904693877551,100,373,Madhya Pradesh
MANDLA,MANDLA,Faggan Singh Kulaste,Lok Sabha,1,151861648.41,54608168.0,35.95915662166887,31,268,Madhya Pradesh
TIKAMGARH,TIKAMGARH,Virendra Kumar,Lok Sabha,1,147000000.0,49501421.0,33.67443605442177,12,347,Madhya Pradesh
SATNA,SATNA,Ganesh Singh,Lok Sabha,1,147000000.0,44570402.0,30.320001360544218,77,241,Madhya Pradesh
DEWAS,DEWAS,Mahendra Singh Solanky,Lok Sabha,1,147000000.0,41462417.0,28.205725850340137,10,131,Madhya Pradesh
VIDISHA,VIDISHA,SHIVRAJ SINGH CHOUHAN,Lok Sabha,1,147000000.0,38851625.0,26.4296768707483,10,97,Madhya Pradesh
HOSHANGABAD,HOSHANGABAD,DARSHAN SINGH CHOUDHARY,Lok Sabha,1,147000000.0,30022552.0,20.423504761904763,49,348,Madhya Pradesh
BHIND,BHIND,Smt Sandhya Ray,Lok Sabha,1,147000000.0,25218035.0,17.155125850340134,61,68,Madhya Pradesh
JABALPUR,JABALPUR,ASHISH DUBEY,Lok Sabha,1,147000000.0,23263814.0,15.82572380952381,15,328,Madhya Pradesh
MANDSOUR,MANDSOUR,Shri Sudheer Gupta ,Lok Sabha,1,148988014.83,21420844.0,14.377561862571199,60,163,Madhya Pradesh
MORENA,MORENA,SHIVMANGAL SINGH TOMAR,Lok Sabha,1,147000000.0,20290158.0,13.802828571428572,28,38,Madhya Pradesh
GWALIOR,GWALIOR,BHARAT SINGH KUSHWAH,Lok Sabha,1,151455276.04,13426652.0,8.865093611168726,4,112,Madhya Pradesh
KHAJURAHO,KHAJURAHO,Vishnu Dutt Sharma,Lok Sabha,1,147000000.0,11209947.0,7.625814285714286,3,132,Madhya Pradesh
JANJGIR CHAMPA,JANJGIR CHAMPA,KAMLESH JANGDE,Lok Sabha,1,150384382.11,99411941.0,66.10522954922556,254,90,Chhattisgarh
RAIGARH,RAIGARH,RADHE SHYAM RATHIYA,Lok Sabha,1,159706972.09,80152296.0,50.18709887933485,72,66,Chhattisgarh
MAHASAMUND,MAHASAMUND,ROOP KUMARI CHOUDHARY,Lok Sabha,1,153035414.0,75772172.0,49.512834983411096,72,107,Chhattisgarh
KORBA,KORBA,Jyotsna Charandas Mahant ,Lok Sabha,1,155153738.11,74709092.0,48.15165455248856,136,174,Chhattisgarh
RAIPUR,RAIPUR,BRIJMOHAN AGRAWAL,Lok Sabha,1,153766451.11,68756217.0,44.714706298849165,38,115,Chhattisgarh
BASTAR,BASTAR,MAHESH KASHYAP,Lok Sabha,1,147000000.0,63670367.5,43.31317517006802,38,168,Chhattisgarh
RAJNANDGAON,RAJNANDGAON,Santosh Pandey,Lok Sabha,1,147000000.0,61535649.0,41.86098571428572,71,107,Chhattisgarh
SARGUJA,SARGUJA,CHINTAMANI MAHARAJ,Lok Sabha,1,147000000.0,61420121.0,41.78239523809524,69,260,Chhattisgarh
DURG,DURG,Vijay Baghel,Lok Sabha,1,147000000.0,57650594.0,39.218091156462584,70,144,Chhattisgarh
BILASPUR,BILASPUR,TOKHAN SAHU,Lok Sabha,1,147000000.0,55824852.0,37.97608979591837,41,90,Chhattisgarh
Sitting Rajya Sabha,Sitting Rajya Sabha,Smt. Phulo Devi Netam (2026-32),Rajya Sabha,5,786792289.86,247213017.0,31.420365982995147,167,244,Chhattisgarh
KANKER,KANKER,BHOJRAJ NAG,Lok Sabha,1,164672734.11,35985836.0,21.85294134726746,29,44,Chhattisgarh
NOWGONG,NOWGONG,Pradyut Bordoloi,Lok Sabha,1,98000000.0,67647652.0,69.02821632653061,13,202,Assam
GUWAHATI,GUWAHATI,BIJULI KALITA MEDHI,Lok Sabha,1,147000000.0,71322647.0,48.518807482993196,5,145,Assam
Diphu,Diphu,AMARSING TISSO,Lok Sabha,1,147000000.0,70287578.0,47.81467891156462,41,53,Assam
Sonitpur,Sonitpur,RANJIT DUTTA,Lok Sabha,1,147000000.0,68221590.0,46.409244897959184,22,127,Assam
KARIMGANJ,KARIMGANJ,Kripanath Mallah,Lok Sabha,1,147000000.0,66488500.0,45.230272108843536,0,74,Assam
KOKRAJHAR,KOKRAJHAR,JOYANTA BASUMATARY,Lok Sabha,1,147000000.0,62630971.0,42.60610272108843,20,102,Assam
LAKHIMPUR,LAKHIMPUR,Pradan Baruah,Lok Sabha,1,147000000.0,56538627.0,38.46165102040816,33,115,Assam
DHUBRI,DHUBRI,RAKIBUL HUSSAIN,Lok Sabha,1,147000000.0,47053373.0,32.00909727891156,25,152,Assam
Sitting Rajya Sabha,Sitting Rajya Sabha,Shri Birendra Prasad Baishya (2025-31),Rajya Sabha,7,784127914.22,236665697.44,30.18202682854618,22,471,Assam
BARPETA,BARPETA,PHANI BHUSAN CHOUDHURY,Lok Sabha,1,147000000.0,42116247.0,28.650508163265304,3,84,Assam
JORHAT,JORHAT,GAURAV GOGOI,Lok Sabha,1,147000000.0,40275131.0,27.398048299319726,35,429,Assam
Darrang-Udalguri,Darrang-Udalguri,Dilip Saikia,Lok Sabha,1,147000000.0,26110389.0,17.762169387755105,5,225,Assam
DIBRUGARH,DIBRUGARH,Shri Sarbananda Sonowal (18LS),Lok Sabha,1,147000000.0,23919705.0,16.271908163265305,3,84,Assam
Kaziranga,Kaziranga,KAMAKHYA PRASAD TASA,Lok Sabha,1,147000000.0,13130033.0,8.931995238095238,0,88,Assam
SILCHAR,SILCHAR,PARIMAL SUKLABAIDYA,Lok Sabha,1,148300157.11,5511762.0,3.716625867032434,0,153,Assam
BASIRHAT,BASIRHAT,SK NURUL ISLAM,Lok Sabha,1,49000000.0,30740105.0,62.7349081632653,7,26,West Bengal
BOLPUR,BOLPUR,Asit Kumar Mal ,Lok Sabha,1,275694456.74,167302248.0,60.68393611474685,134,68,West Bengal
SREERAMPUR,SREERAMPUR,Kalyan Banerjee,Lok Sabha,1,147000000.0,76719145.0,52.18989455782312,83,37,West Bengal
JOYNAGAR,JOYNAGAR,Pratima Mondal ,Lok Sabha,1,147000000.0,74379705.0,50.5984387755102,169,54,West Bengal
JHARGRAM,JHARGRAM,KALIPADA SAREN,Lok Sabha,1,147000000.0,71784126.0,48.8327387755102,40,23,West Bengal
DIAMOND HARBOUR,DIAMOND HARBOUR,Shri Abhishek Banerjee,Lok Sabha,1,147000000.0,71510891.0,48.64686462585034,200,120,West Bengal
HOWRAH,HOWRAH,Prasun Banerjee,Lok Sabha,1,147000000.0,70699743.0,48.09506326530612,136,78,West Bengal
ASANSOL,ASANSOL,Shatrughan Sinha,Lok Sabha,1,147000000.0,66966504.0,45.555444897959184,5,22,West Bengal
GHATAL,GHATAL,Shri Deepak (Dev) Adhikari ,Lok Sabha,1,200747364.0,87788715.0,43.73094283818342,165,40,West Bengal
BARASAT,BARASAT,Kakoli Ghosh Dastidar ,Lok Sabha,1,147000000.0,61929956.0,42.12922176870748,76,107,West Bengal
KOLKATA DAKSHIN,KOLKATA DAKSHIN,Mala Roy ,Lok Sabha,1,147000000.0,61582788.0,41.89305306122449,32,43,West Bengal
BANKURA,BANKURA,ARUP CHAKRABORTY,Lok Sabha,1,147000000.0,55795450.0,37.956088435374156,40,30,West Bengal
BISHNUPUR,BISHNUPUR,Saumitra khan ,Lok Sabha,1,147000000.0,55661990.0,37.86529931972789,48,34,West Bengal
ARAMBAG,ARAMBAG,BAG MITALI,Lok Sabha,1,147000000.0,53162451.0,36.16493265306123,87,97,West Bengal
KRISHNANAGAR,KRISHNANAGAR,Ms Mahua Moitra,Lok Sabha,1,159865046.0,57382120.0,35.89410032759757,21,34,West Bengal
Sitting Rajya Sabha,Sitting Rajya Sabha,Ms. Dola Sen (2023-29),Rajya Sabha,10,1372662892.0,468764485.0,34.1500078228967,64,220,West Bengal
JADAVPUR,JADAVPUR,SAYANI GHOSH,Lok Sabha,1,147000000.0,49785004.0,33.86734965986394,113,102,West Bengal
BIRBHUM,BIRBHUM,Smt Satabdi Roy (Banerjee),Lok Sabha,1,147000000.0,48307379.6,32.86216299319728,62,35,West Bengal
ULUBERIA,ULUBERIA,Smt Sajda Ahmed,Lok Sabha,1,147000000.0,47212277.0,32.117195238095235,91,88,West Bengal
KOLKATA UTTAR,KOLKATA UTTAR,Sudip Bandyopadhyay,Lok Sabha,1,147000000.0,46311063.0,31.50412448979592,9,29,West Bengal
DARJEELING,DARJEELING,Raju Bista,Lok Sabha,1,147000000.0,43617451.0,29.67173537414966,73,96,West Bengal
RANAGHAT,RANAGHAT,Jagannath Sarkar,Lok Sabha,1,147000000.0,41712525.0,28.375867346938776,70,152,West Bengal
TAMLUK,TAMLUK,ABHIJIT GANGOPADHYAY,Lok Sabha,1,147000000.0,40622867.78,27.63460393197279,74,191,West Bengal
MATHURAPUR,MATHURAPUR,BAPI HALDAR,Lok Sabha,1,147000000.0,39006328.0,26.534917006802722,87,78,West Bengal
KANTHI,KANTHI,ADHIKARI SOUMENDU,Lok Sabha,1,147000000.0,38304241.0,26.057306802721087,29,41,West Bengal
MEDINIPUR,MEDINIPUR,JUNE MALIAH,Lok Sabha,1,147000000.0,36949288.0,25.135570068027214,7,24,West Bengal
MURSHIDABAD,MURSHIDABAD,Abu Taher Khan,Lok Sabha,1,147000000.0,36162113.0,24.6000768707483,172,156,West Bengal
HOOGHLY,HOOGHLY,RACHNA BANERJEE,Lok Sabha,1,147000000.0,34234471.0,23.288755782312926,36,68,West Bengal
COOCHBEHAR,COOCHBEHAR,JAGADISH CHANDRA BARMA BASUNIA,Lok Sabha,1,168604641.11,36689865.0,21.760886745734965,1,96,West Bengal
BARRACKPUR,BARRACKPUR,PARTHA BHOWMICK,Lok Sabha,1,147000000.0,31114929.0,21.16661836734694,4,28,West Bengal
BARDHAMAN-DURGAPUR,BARDHAMAN-DURGAPUR,AZAD KIRTI JHA,Lok Sabha,1,179658399.98,33156887.0,18.45551725034349,6,106,West Bengal
BALURGHAT,BALURGHAT,Dr Sukanta Majumdar ,Lok Sabha,1,157085364.9,26156776.0,16.651313135791685,33,153,West Bengal
JANGIPUR,JANGIPUR,Khalilur Rahaman ,Lok Sabha,1,147000000.0,23028217.0,15.665453741496599,31,76,West Bengal
BARDHAMAN PURBA,BARDHAMAN PURBA,DR. SHARMILA SARKAR,Lok Sabha,1,147000000.0,21224009.0,14.438101360544216,17,94,West Bengal
RAIGANJ,RAIGANJ,KARTICK CHANDRA PAUL,Lok Sabha,1,202677986.56,28148611.0,13.888341540074947,99,302,West Bengal
DUM DUM,DUM DUM,Prof Sougata Ray,Lok Sabha,1,147000000.0,14046615.0,9.555520408163265,12,40,West Bengal
JALPAIGURI,JALPAIGURI,Dr Jayanta Kumar Roy,Lok Sabha,1,147000000.0,12082736.0,8.219548299319728,2,16,West Bengal
PURULIA,PURULIA,Shri Jyotirmay Singh Mahato ,Lok Sabha,1,147000000.0,11711831.0,7.967231972789116,15,92,West Bengal
ALIPURDUARS,ALIPURDUARS,MANOJ TIGGA,Lok Sabha,1,147000000.0,11379773.0,7.741342176870749,0,90,West Bengal
MALDAHA DAKSHIN,MALDAHA DAKSHIN,ISHA KHAN CHOUDHURY,Lok Sabha,1,147000000.0,8567025.0,5.827908163265306,25,99,West Bengal
BAHARAMPUR,BAHARAMPUR,PATHAN YUSUF,Lok Sabha,1,147000000.0,7860897.0,5.347548979591837,1,144,West Bengal
MALDAHA UTTAR,MALDAHA UTTAR,Khagen Murmu,Lok Sabha,1,147000000.0,6003169.0,4.08378843537415,7,31,West Bengal
BANGAON,BANGAON,Shri Shantanu Thakur ,Lok Sabha,1,147000000.0,5993836.0,4.077439455782312,8,50,West Bengal
Nominated Rajya Sabha,Nominated Rajya Sabha,Shri Harsh Vardhan Shringla (2025-31),Rajya Sabha,1,73500000.0,0.0,0.0,0,6,West Bengal
TRIPURA WEST,TRIPURA WEST,BIPLAB KUMAR DEB,Lok Sabha,1,147000000.0,51962677.0,35.34875986394558,7,24,Tripura
Sitting Rajya Sabha,Sitting Rajya Sabha,Shri Rajib Bhattacharjee (2024-28),Rajya Sabha,1,122500000.0,34210580.0,27.92700408163265,18,40,Tripura
TRIPURA EAST,TRIPURA EAST,KRITI DEVI DEBBARMAN,Lok Sabha,1,147000000.0,32934783.0,22.404614285714285,13,29,Tripura
SHIMOGA,SHIMOGA,Shri B Y Raghavendra ,Lok Sabha,1,147000000.0,70061261.0,47.66072176870748,49,213,Karnataka
KOPPAL,KOPPAL,K. RAJASHEKAR BASAVARAJ HITNAL,Lok Sabha,1,147000000.0,66577182.0,45.2906,67,126,Karnataka
MYSORE,MYSORE,YADUVEER KRISHNADATTA CHAMARAJA WADIYAR,Lok Sabha,1,147000000.0,62346570.0,42.41263265306122,34,148,Karnataka
BANGALORE NORTH,BANGALORE NORTH,SHOBHA KARANDLAJE,Lok Sabha,1,147000000.0,61473509.0,41.81871360544218,21,88,Karnataka
HASSAN,HASSAN,SHREYAS. M. PATEL,Lok Sabha,1,147000000.0,58328008.0,39.67891700680272,29,181,Karnataka
BANGALORE RURAL,BANGALORE RURAL,DR C N MANJUNATH,Lok Sabha,1,147000000.0,58047695.0,39.48822789115646,64,170,Karnataka
HAVERI,HAVERI,BASAVARAJ BOMMAI,Lok Sabha,1,147000000.0,57936447.0,39.41254897959184,19,144,Karnataka
DAVANAGERE,DAVANAGERE,DR. PRABHA MALLIKARJUN,Lok Sabha,1,147000000.0,57444696.0,39.07802448979592,5,92,Karnataka
BAGALKOT,BAGALKOT,Parvatagouda Chandanagouda Gaddigoudar,Lok Sabha,1,167541747.11,63865076.0,38.118902960985125,92,136,Karnataka
Nominated Rajya Sabha,Nominated Rajya Sabha,Smt. Sudha Murty (2024-30),Rajya Sabha,2,343063957.11,127879514.0,37.275706570071634,301,183,Karnataka
DAKSHINA KANNADA,DAKSHINA KANNADA,CAPTAIN BRIJESH CHOWTA,Lok Sabha,1,147000000.0,50728812.0,34.509395918367346,75,131,Karnataka
CHAMARAJANAGAR,CHAMARAJANAGAR,SUNIL BOSE,Lok Sabha,1,147000000.0,50427615.0,34.3045,21,91,Karnataka
Sitting Rajya Sabha,Sitting Rajya Sabha,Shri Mallikarjun Kharge (2026-32),Rajya Sabha,12,1623392010.89,540011958.0,33.264421309055635,307,498,Karnataka
CHITRADURGA,CHITRADURGA,GOVIND MAKTHAPPA KARJOL,Lok Sabha,1,147000000.0,45195747.0,30.745406122448983,19,204,Karnataka
MANDYA,MANDYA,H.D. KUMARASWAMY,Lok Sabha,1,147000000.0,44450000.0,30.238095238095237,7,140,Karnataka
BANGALORE SOUTH,BANGALORE SOUTH,Shri LS Tejasvi Surya ,Lok Sabha,1,147000000.0,40913804.0,27.83251972789116,25,112,Karnataka
UDUPI CHIKMAGALUR,UDUPI CHIKMAGALUR,KOTA SRINIVAS POOJARY,Lok Sabha,1,147000000.0,40865192.0,27.799450340136055,51,269,Karnataka
KOLAR,KOLAR,M. MALLESH BABU,Lok Sabha,1,147065957.11,40766132.0,27.71962512677792,3,73,Karnataka
CHIKBALLAPUR,CHIKBALLAPUR,DR.K.SUDHAKAR,Lok Sabha,1,147000000.0,37553975.0,25.54692176870748,18,142,Karnataka
UTTARA KANNADA,UTTARA KANNADA,VISHWESHWAR HEGDE KAGERI,Lok Sabha,1,147000000.0,33350000.0,22.687074829931973,30,113,Karnataka
TUMKUR,TUMKUR,V. SOMANNA,Lok Sabha,1,147000000.0,32293790.0,21.96856462585034,4,57,Karnataka
RAICHUR,RAICHUR,G. KUMAR NAIK,Lok Sabha,1,147000000.0,23521564.0,16.00106394557823,9,119,Karnataka
DHARWAD,DHARWAD,Pralhad Venkatesh Joshi,Lok Sabha,1,147000000.0,20761060.0,14.12317006802721,28,174,Karnataka
CHIKKODI,CHIKKODI,PRIYANKA SATISH JARKIHOLI,Lok Sabha,1,147000000.0,17958285.0,12.216520408163266,16,143,Karnataka
BIDAR,BIDAR,SAGAR ESHWAR KHANDRE,Lok Sabha,1,147000000.0,15422826.0,10.49171836734694,5,173,Karnataka
BELLARY,BELLARY,E. TUKARAM,Lok Sabha,1,147000000.0,14871722.0,10.11681768707483,2,89,Karnataka
BIJAPUR,BIJAPUR,Ramesh Chandappa Jigajinagi,Lok Sabha,1,269500000.0,24205222.0,8.981529499072357,0,362,Karnataka
BELGAUM,BELGAUM,JAGADISH SHETTAR,Lok Sabha,1,147000000.0,9847651.0,6.69908231292517,1,171,Karnataka
BANGALORE CENTRAL,BANGALORE CENTRAL,P C Mohan,Lok Sabha,1,159995711.11,10439505.0,6.5248655276907055,2,17,Karnataka
GULBARGA,GULBARGA,RADHAKRISHNA,Lok Sabha,1,147000000.0,3254664.0,2.214057142857143,0,29,Karnataka
NAGAUR,NAGAUR,Shri Hanuman Beniwal,Lok Sabha,1,147000000.0,67502015.0,45.919738095238095,177,75,Rajasthan
BARMER,BARMER,UMMEDA RAM BENIWAL,Lok Sabha,1,147000000.0,65781402.0,44.74925306122449,96,88,Rajasthan
BHARATPUR,BHARATPUR,SANJNA JATAV,Lok Sabha,1,147000000.0,65761488.1,44.73570619047619,75,168,Rajasthan
BANSWARA,BANSWARA,RAJ KUMAR ROAT,Lok Sabha,1,147000000.0,63286521.0,43.05205510204082,23,82,Rajasthan
JALORE,JALORE,LUMBARAM,Lok Sabha,1,147000000.0,61110381.0,41.57168775510204,75,105,Rajasthan
ALWAR,ALWAR,BHUPENDER YADAV,Lok Sabha,1,147000000.0,59638968.0,40.57072653061225,31,43,Rajasthan
BHILWARA,BHILWARA,DAMODAR AGARWAL,Lok Sabha,1,147000000.0,59365927.0,40.3849843537415,102,150,Rajasthan
CHURU,CHURU,Rahul Kaswan,Lok Sabha,1,147000000.0,57725218.0,39.268855782312926,37,206,Rajasthan
JHUNJHUNU,JHUNJHUNU,BRIJENDRA SINGH OLA,Lok Sabha,1,147000000.0,57494662.0,39.1120149659864,92,75,Rajasthan
Sitting Rajya Sabha,Sitting Rajya Sabha,Dr. Satish Poonia (2026-32),Rajya Sabha,10,1372255828.44,503160894.01,36.66669753423459,332,650,Rajasthan
AJMER,AJMER,Bhagirath Chaudhary,Lok Sabha,1,147000000.0,47473080.0,32.294612244897955,58,99,Rajasthan
RAJSAMAND,RAJSAMAND,MAHIMA KUMARI MEWAR,Lok Sabha,1,183892143.0,48238044.0,26.23170474444903,26,109,Rajasthan
UDAIPUR,UDAIPUR,MANNA LAL RAWAT,Lok Sabha,1,147000000.0,35533993.0,24.1727843537415,24,176,Rajasthan
BIKANER,BIKANER,Shri Arjun Ram Meghwal,Lok Sabha,1,147000000.0,34700414.0,23.60572380952381,17,62,Rajasthan
SIKAR,SIKAR,AMRARAM,Lok Sabha,1,165691544.11,38165228.0,23.03390206482879,49,122,Rajasthan
KOTA,KOTA,Om Birla,Lok Sabha,1,163906956.6,28500390.0,17.388151541092064,15,46,Rajasthan
JAIPUR,JAIPUR,MANJU SHARMA,Lok Sabha,1,167082901.11,23994861.0,14.36105121505093,15,54,Rajasthan
DAUSA,DAUSA,MURARI LAL MEENA,Lok Sabha,1,147000000.0,19705174.0,13.404880272108844,16,96,Rajasthan
JAIPUR RURAL,JAIPUR RURAL,Rao Rajendra Singh,Lok Sabha,1,147000000.0,14160844.0,9.633227210884353,10,94,Rajasthan
PALI,PALI,Shri PP Chaudhary,Lok Sabha,1,147000000.0,13376714.0,9.099805442176871,8,34,Rajasthan
GANGANAGAR,GANGANAGAR,KULDEEP INDORA,Lok Sabha,1,147000000.0,11236750.0,7.644047619047618,2,90,Rajasthan
KARAULI-DHOLPUR,KARAULI-DHOLPUR,BHAJAN LAL JATAV,Lok Sabha,1,147000000.0,7253086.0,4.934072108843537,11,41,Rajasthan
JHALAWAR-BARAN,JHALAWAR-BARAN,Dushyant Singh,Lok Sabha,1,147000000.0,6025816.0,4.099194557823129,0,27,Rajasthan
CHITTORGARH,CHITTORGARH,Chandra Prakash Joshi,Lok Sabha,1,147000000.0,4862785.0,3.3080170068027206,10,186,Rajasthan
JODHPUR,JODHPUR,Gajendra Singh Shekhawat,Lok Sabha,1,147000000.0,491827.0,0.33457619047619047,0,33,Rajasthan
TONK-SAWAI MADHOPUR,TONK-SAWAI MADHOPUR,HARISH CHANDRA MEENA,Lok Sabha,1,147000000.0,0.0,0.0,0,0,Rajasthan
Sitting Rajya Sabha,Sitting Rajya Sabha,Shri S. Selvaganabathy (2021-27),Rajya Sabha,1,292881856.49,101658946.0,34.70988173126081,31,70,Puducherry
Puducherry,Puducherry,Vaithilingam Ve,Lok Sabha,1,209368972.11,33557935.0,16.028131896434516,13,62,Puducherry
PATAN,PATAN,Bharatsinhji Shankarji Dabhi,Lok Sabha,1,147000000.0,70906510.0,48.235721088435376,160,157,Gujarat
BHARUCH,BHARUCH,Mansukhbhai Dhanjibhai Vasava,Lok Sabha,1,147000000.0,69778294.0,47.46822721088436,204,194,Gujarat
VADODARA,VADODARA,DR. HEMANG JOSHI,Lok Sabha,1,147000000.0,68089263.0,46.31922653061225,71,134,Gujarat
NAVSARI,NAVSARI,C R Patil,Lok Sabha,1,158532494.36,70355025.0,44.378930189690855,268,141,Gujarat
AMRELI,AMRELI,BHARATBHAI MANUBHAI SUTARIYA,Lok Sabha,1,147000000.0,60836765.0,41.3855544217687,154,175,Gujarat
SURENDRANAGAR,SURENDRANAGAR,CHANDUBHAI CHHAGANBHAI SHIHORA,Lok Sabha,1,147000000.0,59047027.0,40.16804557823129,100,109,Gujarat
ANAND,ANAND,Mitesh Rameshbhai Bakabhai Patel,Lok Sabha,1,147000000.0,58303147.0,39.66200476190476,247,280,Gujarat
JUNAGADH,JUNAGADH,Rajeshbhai Naranbhai Chudasama,Lok Sabha,1,147000000.0,56040284.0,38.12264217687075,152,147,Gujarat
KHEDA,KHEDA,Devusinh Jesingbhai Chauhan,Lok Sabha,1,147000000.0,54783374.0,37.26760136054422,247,341,Gujarat
MAHESANA,MAHESANA,HARIBHAI PATEL,Lok Sabha,1,147000000.0,51281778.0,34.885563265306125,150,427,Gujarat
KACHCHH,KACHCHH,Vinod Chavda,Lok Sabha,1,147000000.0,51051603.0,34.72898163265306,98,256,Gujarat
SABARKANTHA,SABARKANTHA,SHOBHANABEN MAHENDRASINH BARAIYA,Lok Sabha,1,147000000.0,50880570.0,34.612632653061226,122,152,Gujarat
RAJKOT,RAJKOT,PARSHOTTAMBHAI RUPALA,Lok Sabha,1,147000000.0,40230082.0,27.367402721088435,90,229,Gujarat
CHHOTA UDAIPUR,CHHOTA UDAIPUR,JASHUBHAI BHILUBHAI RATHVA,Lok Sabha,1,147000000.0,38424412.0,26.139055782312926,96,248,Gujarat
VALSAD,VALSAD,DHAVAL LAXMANBHAI PATEL,Lok Sabha,1,147000000.0,36923530.0,25.11804761904762,60,176,Gujarat
PORBANDAR,PORBANDAR,DR. MANSUKH MANDAVIYA,Lok Sabha,1,147000000.0,34762587.0,23.64801836734694,72,238,Gujarat
AHMEDABAD EAST,AHMEDABAD EAST,Hasmukh Bhai Soma Bhai Patel,Lok Sabha,1,147000000.0,32021270.0,21.7831768707483,20,176,Gujarat
Sitting Rajya Sabha,Sitting Rajya Sabha,Dr. Parmar Jashvantsinh Salamsinh (2024-30),Rajya Sabha,9,1200500000.0,229833792.0,19.144838983756767,334,995,Gujarat
BARDOLI,BARDOLI,Prabhubhai Nagarbhai Vasava,Lok Sabha,1,147000000.0,27468376.0,18.68597006802721,62,253,Gujarat
DAHOD,DAHOD,Jaswantsinh Sumanbhai Bhabhor,Lok Sabha,1,147000000.0,26431145.0,17.980370748299322,68,327,Gujarat
SURAT,SURAT,MUKESHKUMAR CHANDRAKAANT DALAL,Lok Sabha,1,147000000.0,26395724.0,17.956274829931974,92,128,Gujarat
BANASKANTHA,BANASKANTHA,GENIBEN NAGAJI THAKOR,Lok Sabha,1,147000000.0,26332572.0,17.913314285714286,41,127,Gujarat
PANCHMAHAL,PANCHMAHAL,RAJPALSINH MAHENDRASINH JADAV,Lok Sabha,1,147000000.0,26159198.0,17.795372789115646,89,372,Gujarat
JAMNAGAR,JAMNAGAR,Smt Poonamben Hematbhai Maadam,Lok Sabha,1,147000000.0,25917848.0,17.631189115646258,45,134,Gujarat
BHAVNAGAR,BHAVNAGAR,NIMUBEN JAYANTIBHAI BAMBHANIYA,Lok Sabha,1,147000000.0,25662379.0,17.45740068027211,28,34,Gujarat
AHMEDABAD WEST,AHMEDABAD WEST,DINESHBHAI MAKWANA,Lok Sabha,1,160434965.11,25122452.0,15.658963108680915,2,205,Gujarat
GANDHINAGAR,GANDHINAGAR,Shri Amit Shah,Lok Sabha,1,147000000.0,11529274.0,7.8430435374149665,22,96,Gujarat
TEHRI GARHWAL,TEHRI GARHWAL,Mala Rajya Laxmi Shah ,Lok Sabha,1,147000000.0,57285791.0,38.96992585034014,84,155,Uttarakhand
Sitting Rajya Sabha,Sitting Rajya Sabha,Shri Mahendra Bhatt (2024-30),Rajya Sabha,3,569873590.51,212879324.0,37.3555342000472,175,366,Uttarakhand
NAINITAL UDHAM SINGH NAG.,NAINITAL UDHAM SINGH NAG.,Ajay Bhatt,Lok Sabha,1,147000000.0,50626503.0,34.43979795918367,85,376,Uttarakhand
HARDWAR,HARDWAR,TRIVENDRA SINGH RAWAT,Lok Sabha,1,147000000.0,9309458.0,6.33296462585034,3,41,Uttarakhand
ALMORA,ALMORA,Ajay Tamta,Lok Sabha,1,147000000.0,4091663.0,2.783444217687075,3,139,Uttarakhand
GARHWAL,GARHWAL,ANIL BALUNI,Lok Sabha,1,147000000.0,2739441.0,1.8635653061224489,1,11,Uttarakhand
LAKSHADWEEP,LAKSHADWEEP,MUHAMMED HAMDULLAH SAYEED,Lok Sabha,1,153942460.41,39337535.0,25.553401508090133,2,26,Lakshadweep
NIZAMABAD,NIZAMABAD,Arvind Dharmapuri,Lok Sabha,1,281396355.11,158096817.0,56.182965461012714,476,440,Telangana
MAHABUBABAD,MAHABUBABAD,BALRAM NAIK PORIKA,Lok Sabha,1,147000000.0,72320239.0,49.197441496598636,238,121,Telangana
BHONGIR,BHONGIR,CHAMALA KIRAN KUMAR REDDY,Lok Sabha,1,147000000.0,62689273.0,42.64576394557823,417,71,Telangana
KARIMNAGAR,KARIMNAGAR,Sanjay Kumar Bandi,Lok Sabha,1,172775317.11,65663959.0,38.00540499554925,171,468,Telangana
NAGARKURNOOL,NAGARKURNOOL,DR.MALLU RAVI,Lok Sabha,1,147000000.0,47000729.0,31.973285034013603,143,84,Telangana
MAHABUBNAGAR,MAHABUBNAGAR,ARUNA. D. K,Lok Sabha,1,147000000.0,44232038.0,30.08982176870748,127,195,Telangana
CHELVELLA,CHELVELLA,KONDA VISHWESHWAR REDDY,Lok Sabha,1,233721420.96,57214092.0,24.479609855611756,180,339,Telangana
ADILABAD,ADILABAD,GODAM NAGESH,Lok Sabha,1,147000000.0,35717086.0,24.297337414965988,80,277,Telangana
Sitting Rajya Sabha,Sitting Rajya Sabha,Shri B. Parthasaradhi Reddy (2022-28),Rajya Sabha,6,1004438493.22,214094602.0,21.31485436342266,294,513,Telangana
MEDAK,MEDAK,MADHAVANENI RAGHUNANDAN RAO,Lok Sabha,1,147000000.0,30484168.0,20.737529251700682,41,141,Telangana
ZAHIRABAD,ZAHIRABAD,SURESH KUMAR SHETKAR,Lok Sabha,1,147000000.0,28674768.0,19.506644897959184,64,291,Telangana
WARANGEL,WARANGEL,KADIYAM KAVYA,Lok Sabha,1,147000000.0,27189421.0,18.49620476190476,53,161,Telangana
KHAMMAM,KHAMMAM,RAMASAHAYAM RAGHURAM REDDY,Lok Sabha,1,147000000.0,21423748.0,14.573978231292518,18,194,Telangana
PEDDAPALLE,PEDDAPALLE,VAMSI KRISHNA GADDAM,Lok Sabha,1,148451721.11,16373473.0,11.029493546839754,9,62,Telangana
MALKAJGIRI,MALKAJGIRI,EATALA RAJENDER,Lok Sabha,1,327477390.86,34708670.0,10.598798869396854,29,268,Telangana
HYDERABAD,HYDERABAD,Asaduddin Owaisi,Lok Sabha,1,147000000.0,11172317.0,7.600215646258503,1,17,Telangana
NALGONDA,NALGONDA,KUNDURU RAGHUVEER,Lok Sabha,1,162952022.0,7766945.0,4.766399891619633,6,23,Telangana
SECUNDERABAD,SECUNDERABAD,Kishan Reddy Gangapuram,Lok Sabha,1,147000000.0,4754322.0,3.2342326530612246,0,38,Telangana
Nominated Rajya Sabha,Nominated Rajya Sabha,Shri Gulam Ali (2022-28),Rajya Sabha,1,196063957.11,134033715.0,68.36224106443058,156,29,Jammu And Kashmir
UDHAMPUR,UDHAMPUR,Jitendra Singh,Lok Sabha,1,147000000.0,48296699.0,32.854897278911565,187,141,Jammu And Kashmir
JAMMU,JAMMU,Shri Jugal Kishore Sharma,Lok Sabha,1,147000000.0,30369749.0,20.659693197278912,45,169,Jammu And Kashmir
BARAMULLAH,BARAMULLAH,ABDUL RASHID SHEIKH,Lok Sabha,1,154773472.11,27714021.0,17.906182902134027,44,114,Jammu And Kashmir
ANANTNAG,ANANTNAG,MIAN ALTAF AHMAD,Lok Sabha,1,147000000.0,24523857.0,16.682895918367347,14,113,Jammu And Kashmir
SRINAGAR,SRINAGAR,AGA SYED RUHULLAH MEHDI,Lok Sabha,1,147000000.0,20822671.0,14.16508231292517,62,136,Jammu And Kashmir
Sitting Rajya Sabha,Sitting Rajya Sabha,Shri Gurwinder Singh Oberoi (2025-31),Rajya Sabha,4,294000000.0,0.0,0.0,0,34,Jammu And Kashmir
CHITTOOR,CHITTOOR,DAGGUMALLA PRASADA RAO,Lok Sabha,1,147000000.0,76341346.0,51.932888435374146,111,115,Andhra Pradesh
NELLORE,NELLORE,PRABHAKAR REDDY VEMIREDDY,Lok Sabha,1,147000000.0,73610054.0,50.074866666666665,124,34,Andhra Pradesh
ARAKU,ARAKU,Gumma Thanuja Rani,Lok Sabha,1,149458905.11,73149314.0,48.94276051745659,28,104,Andhra Pradesh
Nominated Rajya Sabha,Nominated Rajya Sabha,Shri V. Vijayendra Prasad (2022-28),Rajya Sabha,1,196063957.11,90827947.0,46.325672672740026,74,121,Andhra Pradesh
AMALAPURAM,AMALAPURAM,GM Harish Balayogi,Lok Sabha,1,147000000.0,53533502.0,36.41734829931973,41,68,Andhra Pradesh
TIRUPATI,TIRUPATI,Maddila Gurumoorthy,Lok Sabha,1,180399007.0,64414143.0,35.706484238020224,110,181,Andhra Pradesh
NANDYAL,NANDYAL,DR BYREDDY SHABARI,Lok Sabha,1,150675889.11,50709419.0,33.65463399587435,70,129,Andhra Pradesh
SRIKAKULAM,SRIKAKULAM,Kinjarapu Ram Mohan Naidu,Lok Sabha,1,171200630.11,53576961.0,31.294838672950952,60,155,Andhra Pradesh
RAJAMPET,RAJAMPET,Midhun Reddy,Lok Sabha,1,178951477.11,55215327.0,30.854915473013723,178,317,Andhra Pradesh
ANANTAPUR,ANANTAPUR,AMBICA G LAKSHMINARAYANA VALMIKI,Lok Sabha,1,201899064.11,62202871.0,30.80889516462058,42,116,Andhra Pradesh
HINDUPUR,HINDUPUR,B K PARTHASARATHI,Lok Sabha,1,160491894.11,47797914.0,29.78213589232092,52,40,Andhra Pradesh
ELURU,ELURU,Putta Mahesh Kumar,Lok Sabha,1,147000000.0,43504398.0,29.59482857142857,54,60,Andhra Pradesh
KURNOOL,KURNOOL,BASTIPATI NAGARAJU PANCHALINGALA,Lok Sabha,1,159998515.11,44033277.0,27.521053535857405,143,65,Andhra Pradesh
KADAPA,KADAPA,Y S Avinash Reddy,Lok Sabha,1,156430260.11,40434883.0,25.848504612577283,57,243,Andhra Pradesh
GUNTUR,GUNTUR,Dr Chandra Sekhar Pemmasani,Lok Sabha,1,159774113.11,35682555.0,22.33312662823768,9,87,Andhra Pradesh
Sitting Rajya Sabha,Sitting Rajya Sabha,Shri Paka Venkata Satyanarayana (2025-28),Rajya Sabha,11,1301394990.01,258809225.0,19.887061728892263,224,434,Andhra Pradesh
ANAKAPALLE,ANAKAPALLE,C.M.RAMESH,Lok Sabha,1,202531656.11,36002667.0,17.776315906114966,20,75,Andhra Pradesh
VIZIANAGARAM,VIZIANAGARAM,Appalanaidu Kalisetti,Lok Sabha,1,147000000.0,22325622.0,15.187497959183673,36,67,Andhra Pradesh
BAPATLA,BAPATLA,Krishna Prasad Tenneti,Lok Sabha,1,167796849.11,17516616.0,10.43918052866231,6,118,Andhra Pradesh
RAJAHMUNDRY,RAJAHMUNDRY,Daggubati Purandeshwari,Lok Sabha,1,147000000.0,14394558.0,9.792216326530612,3,26,Andhra Pradesh
MACHILIPATNAM,MACHILIPATNAM,Balashowry Vallabbhaneni,Lok Sabha,1,147000000.0,14363941.0,9.77138843537415,9,52,Andhra Pradesh
KAKINADA,KAKINADA,TANGELLA UDAY SRINIVAS,Lok Sabha,1,199417886.76,16907864.0,8.47860955439201,6,16,Andhra Pradesh
ONGOLE,ONGOLE,Magunta Sreenivasulu Reddy,Lok Sabha,1,147000000.0,11878734.0,8.08077142857143,1,18,Andhra Pradesh
VISAKHAPATNAM,VISAKHAPATNAM,Sribharat MathuKumli,Lok Sabha,1,164841922.0,10903207.0,6.614341101895184,0,40,Andhra Pradesh
VIJAYAWADA,VIJAYAWADA,Sivanath Kesineni,Lok Sabha,1,147000000.0,6329561.0,4.305823809523809,1,28,Andhra Pradesh
NARASARAOPET,NARASARAOPET,Lavu Sri Krishna Devarayalu,Lok Sabha,1,174009663.11,2402685.0,1.3807767666794144,1,130,Andhra Pradesh
NARASAPURAM,NARASAPURAM,Bhupathiraju Srinivasa varma,Lok Sabha,1,147000000.0,0.0,0.0,0,1,Andhra Pradesh
SOUTH GOA,SOUTH GOA,CAPTAIN VIRIATO FERNANDES,Lok Sabha,1,147000000.0,48358008.0,32.89660408163265,47,86,Goa
Sitting Rajya Sabha,Sitting Rajya Sabha,Shri Sadanand Mhalu Shet Tanavade (2023-29),Rajya Sabha,1,171500000.0,37836353.99,22.062013988338194,10,32,Goa
NORTH GOA,NORTH GOA,Shripad Yesso Naik,Lok Sabha,1,147000000.0,15476370.0,10.528142857142857,1,110,Goa
HISAR,HISAR,JAI PARKASH,Lok Sabha,1,147000000.0,71088815.0,48.3597380952381,68,375,Haryana
BHIWANI MAHENDRAGARH,BHIWANI MAHENDRAGARH,Shri  Dharambir Singh,Lok Sabha,1,147000000.0,64374998.0,43.7925156462585,103,107,Haryana
KURUKSHETRA,KURUKSHETRA,NAVEEN JINDAL,Lok Sabha,1,147000000.0,61262363.0,41.6750768707483,113,88,Haryana
ROHTAK,ROHTAK,DEEPENDER SINGH HOODA,Lok Sabha,1,147000000.0,58916490.0,40.079244897959185,70,107,Haryana
SONEPAT,SONEPAT,SATPAL BRAHAMCHARI,Lok Sabha,1,147000000.0,35904950.0,24.42513605442177,19,212,Haryana
SIRSA,SIRSA,SELJA,Lok Sabha,1,147000000.0,26548478.0,18.060189115646256,59,251,Haryana
FARIDABAD,FARIDABAD,Krishan Pal Gurjar,Lok Sabha,1,147000000.0,23658961.0,16.094531292517004,6,76,Haryana
GURGAON,GURGAON,Rao Inderjit Singh,Lok Sabha,1,147000000.0,22744840.0,15.472680272108844,14,34,Haryana
KARNAL,KARNAL,MANOHAR LAL,Lok Sabha,1,147000000.0,16619897.0,11.30605238095238,1,19,Haryana
AMBALA,AMBALA,VARUN CHAUDHRY,Lok Sabha,1,255454264.0,28023758.0,10.97016646392718,3,154,Haryana
Sitting Rajya Sabha,Sitting Rajya Sabha,Shri Kartikeya Sharma (2022-28),Rajya Sabha,5,539000000.0,44876841.0,8.32594452690167,5,280,Haryana
IDUKKI,IDUKKI,Adv Dean Kuriakose,Lok Sabha,1,147000000.0,58754261.0,39.96888503401361,95,95,Kerala
KOLLAM,KOLLAM,Shri NK Premachandran,Lok Sabha,1,171477994.11,64475987.0,37.60015233128971,46,150,Kerala
ALAPPUZHA,ALAPPUZHA,K. C VENUGOPAL,Lok Sabha,1,147000000.0,44331588.0,30.157542857142854,37,52,Kerala
PALAKKAD,PALAKKAD,Vellalath Kochukrishnan Nair Sreekandan,Lok Sabha,1,167807990.11,50584788.0,30.14444542649078,98,107,Kerala
THIRUVANANTHAPURAM,THIRUVANANTHAPURAM,Dr Shashi Tharoor,Lok Sabha,1,147000000.0,41754577.0,28.404474149659865,40,74,Kerala
WAYANAD,WAYANAD,Priyanka Gandhi Vadra,Lok Sabha,1,122500000.0,34714501.0,28.338368163265304,10,81,Kerala
MAVELIKKARA,MAVELIKKARA,Shri Suresh Kodikunnil,Lok Sabha,1,172429519.11,41963456.0,24.336584719713656,58,133,Kerala
Sitting Rajya Sabha,Sitting Rajya Sabha,Dr. John Brittas (2021-27),Rajya Sabha,9,1861875105.0,398445536.0,21.40022899119219,318,1039,Kerala
MALAPPURAM,MALAPPURAM,E.T. MOHAMMED BASHEER,Lok Sabha,1,163895872.11,34451493.0,21.020354299635812,41,150,Kerala
Nominated Rajya Sabha,Nominated Rajya Sabha,Shri C. Sadanandan Master (2025-31),Rajya Sabha,2,269563957.11,55206130.0,20.479789134966673,39,117,Kerala
KOTTAYAM,KOTTAYAM,ADV K FRANCIS GEORGE,Lok Sabha,1,188722256.11,37467974.0,19.853500467989925,53,298,Kerala
ATTINGAL,ATTINGAL,Adv Adoor Prakash ,Lok Sabha,1,147000000.0,28617364.0,19.46759455782313,108,337,Kerala
ALATHUR,ALATHUR,K RADHAKRISHNAN,Lok Sabha,1,147000000.0,28066021.0,19.092531292517005,15,171,Kerala
KASARAGOD,KASARAGOD,Shri Rajmohan Unnithan ,Lok Sabha,1,156754633.11,28932795.0,18.45737789434069,56,151,Kerala
PATHANAMTHITTA,PATHANAMTHITTA,Anto Antony,Lok Sabha,1,147000000.0,26984855.0,18.357044217687076,60,296,Kerala
KANNUR,KANNUR,Shri Kumbakudi Sudhakaran,Lok Sabha,1,147000000.0,26785182.0,18.22121224489796,61,232,Kerala
CHALAKUDY,CHALAKUDY,Shri Benny Behanan,Lok Sabha,1,164674770.11,28691022.0,17.42284017207668,13,157,Kerala
ERNAKULAM,ERNAKULAM,Shri Hibi Eden,Lok Sabha,1,162177260.11,24928980.0,15.37143985728419,18,94,Kerala
THRISSUR,THRISSUR,SURESH GOPI,Lok Sabha,1,147000000.0,16001891.0,10.885640136054421,15,75,Kerala
VADAKARA,VADAKARA,SHAFI PARAMBIL,Lok Sabha,1,147000000.0,15909800.0,10.822993197278912,15,228,Kerala
PONNANI,PONNANI,DR. M.P ABDUSSAMAD SAMADANI,Lok Sabha,1,170434031.11,15076499.0,8.845944029962807,48,276,Kerala
KOZHIKODE,KOZHIKODE,Shri M K Raghavan,Lok Sabha,1,147000000.0,9365325.0,6.3709693877551015,14,254,Kerala
MUMBAI NORTH-CENTRAL,MUMBAI NORTH-CENTRAL,GAIKWAD VARSHA EKNATH,Lok Sabha,1,147000000.0,92563767.0,62.96854897959183,0,57,Maharashtra
AMRAVATI,AMRAVATI,BALWANT BASWANT WANKHADE,Lok Sabha,1,198293678.0,93790658.0,47.298864465058735,51,116,Maharashtra
BHIWANDI,BHIWANDI,BALYA MAMA SURESH GOPINATH MHATRE,Lok Sabha,1,147000000.0,59848620.0,40.71334693877551,11,153,Maharashtra
RAIGAD,RAIGAD,Sunil Dattatray Tatkare,Lok Sabha,1,147000000.0,58660128.0,39.90484897959184,18,44,Maharashtra
MUMBAI NORTH WEST,MUMBAI NORTH WEST,RAVINDRA DATTARAM WAIKAR,Lok Sabha,1,147000000.0,53799122.0,36.59804217687075,0,67,Maharashtra
HINGOLI,HINGOLI,AASHTIKAR PATIL NAGESH BAPURAO,Lok Sabha,1,190289442.0,67522042.0,35.483861474563575,38,78,Maharashtra
AKOLA,AKOLA,ANUP SANJAY DHOTRE,Lok Sabha,1,147000000.0,51045667.0,34.724943537414966,41,59,Maharashtra
AURANGABAD,AURANGABAD,BHUMARE SANDIPANRAO ASARAM,Lok Sabha,1,147000000.0,50596352.0,34.41928707482993,27,65,Maharashtra
NASHIK,NASHIK,RAJABHAU,Lok Sabha,1,152878682.11,46498714.0,30.41543357009254,21,89,Maharashtra
PARBHANI,PARBHANI,Sanjay Haribhau Jadhav,Lok Sabha,1,147000000.0,40999822.0,27.89103537414966,28,56,Maharashtra
NAGPUR,NAGPUR,Nitin Jairam Gadkari,Lok Sabha,1,168195086.11,46558565.0,27.68128729370285,19,48,Maharashtra
NANDED,NANDED,CHAVAN VASANTRAO BALWANTRAO,Lok Sabha,2,147000000.0,39838293.0,27.100879591836737,26,115,Maharashtra
JALNA,JALNA,KALYAN VAIJINATHRAO KALE,Lok Sabha,1,147000000.0,39254291.0,26.70359931972789,19,42,Maharashtra
Sitting Rajya Sabha,Sitting Rajya Sabha,Shri Chandrakant Damodar Handore (2024-30),Rajya Sabha,17,2107011557.33,529346359.0,25.12308758622978,252,767,Maharashtra
MAVAL,MAVAL,Shrirang Appa Barne,Lok Sabha,1,147000000.0,35720911.0,24.29993945578231,32,75,Maharashtra
DINDORI,DINDORI,BHASKAR MURLIDHAR BHAGARE,Lok Sabha,1,147000000.0,34081627.0,23.184780272108842,19,100,Maharashtra
KOLHAPUR,KOLHAPUR,CHHATRAPATI SHAHU SHAHAJI,Lok Sabha,1,147000000.0,33696592.0,22.922851700680273,22,79,Maharashtra
BEED,BEED,BAJRANG MANOHAR SONWANE,Lok Sabha,1,165899107.19,37977152.0,22.8917157200284,20,80,Maharashtra
WARDHA,WARDHA,AMAR SHARADRAO KALE,Lok Sabha,1,147000000.0,32855968.0,22.35099863945578,29,79,Maharashtra
NANDURBAR,NANDURBAR,ADV GOWAAL KAGADA PADAVI,Lok Sabha,1,147816309.11,32041066.0,21.67627252562239,189,90,Maharashtra
MUMBAI NORTH,MUMBAI NORTH,Piyush Vedprakash Goyal,Lok Sabha,1,147000000.0,30848998.0,20.98571292517007,0,49,Maharashtra
MUMBAI SOUTH,MUMBAI SOUTH,Arvind Ganpat Sawant,Lok Sabha,1,147000000.0,28859509.0,19.63231904761905,14,46,Maharashtra
LATUR,LATUR,DR KALGE SHIVAJI BANDAPPA,Lok Sabha,1,147000000.0,28846420.0,19.623414965986395,26,89,Maharashtra
BARAMATI,BARAMATI,Smt Supriya Sadanand Sule,Lok Sabha,1,147000000.0,25041557.0,17.035072789115645,10,116,Maharashtra
AHMEDNAGAR,AHMEDNAGAR,NILESH DNYANDEV LANKE,Lok Sabha,1,147000000.0,23809461.0,16.19691224489796,12,73,Maharashtra
RATNAGIRI-SINDHUDURG,RATNAGIRI-SINDHUDURG,NARAYAN TATU RANE,Lok Sabha,1,147000000.0,22993974.0,15.642159183673469,25,70,Maharashtra
GADCHIROLI-CHIMUR,GADCHIROLI-CHIMUR,DR. KIRSAN NAMDEO,Lok Sabha,1,147000000.0,22599453.0,15.37377755102041,18,148,Maharashtra
OSMANABAD,OSMANABAD,Omprakash Bhupalsinh Alias Pawan Rajenimbalkar,Lok Sabha,1,184758519.11,27342263.0,14.798918681374138,29,164,Maharashtra
SHIRUR,SHIRUR,Amol Ramsing Kolhe,Lok Sabha,1,147000000.0,20561770.0,13.987598639455781,15,96,Maharashtra
SANGLI,SANGLI,VISHAL,Lok Sabha,1,147000000.0,19819890.0,13.482918367346938,11,73,Maharashtra
SHIRDI,SHIRDI,BHAUSAHEB RAJARAM WAKCHAURE,Lok Sabha,1,147000000.0,19420448.0,13.211189115646258,11,126,Maharashtra
YAVATMAL-WASHIM,YAVATMAL-WASHIM,Sanjay Uttamrao Deshmukh,Lok Sabha,1,185640423.0,24518118.0,13.207316382811731,23,101,Maharashtra
PUNE,PUNE,MURLIDHAR MOHOL,Lok Sabha,1,147000000.0,18945481.0,12.88808231292517,12,87,Maharashtra
SATARA,SATARA,SHRIMANT CHH UDAYANRAJE PRATAPSINHAMAHARAJ BHONSLE,Lok Sabha,1,147000000.0,16135149.0,10.976291836734694,16,118,Maharashtra
DHULE,DHULE,BACHHAV SHOBHA DINESH,Lok Sabha,1,147000000.0,15115446.0,10.282616326530611,15,79,Maharashtra
CHANDRAPUR,CHANDRAPUR,DHANORKAR PRATIBHA SURESH ALIAS BALUBHAU,Lok Sabha,1,147000000.0,14990871.0,10.197871428571428,7,69,Maharashtra
JALGAON,JALGAON,SMITA UDAY WAGH,Lok Sabha,1,148107373.11,14030677.0,9.473314329583951,9,1,Maharashtra
BHANDARA-GONDIYA,BHANDARA-GONDIYA,DR. PRASHANT YADAORAO PADOLE,Lok Sabha,1,159680283.39,14961080.0,9.369397199439678,8,144,Maharashtra
SOLAPUR,SOLAPUR,PRANITI SUSHILKUMAR SHINDE,Lok Sabha,1,147000000.0,8440395.0,5.741765306122449,2,122,Maharashtra
PALGHAR,PALGHAR,DR. HEMANT VISHNU SAVARA,Lok Sabha,1,147000000.0,8415952.0,5.725137414965986,1,84,Maharashtra
MUMBAI SOUTH CENTRAL,MUMBAI SOUTH CENTRAL,ANIL YESHWANT DESAI,Lok Sabha,1,147000000.0,7792570.0,5.301068027210885,0,34,Maharashtra
HATKANANGLE,HATKANANGLE,Dhairyasheel Sambhajirao Mane,Lok Sabha,1,147000000.0,7519206.0,5.115106122448979,4,13,Maharashtra
MADHA,MADHA,MOHITE PATIL DHAIRYASHEEL RAJSINH,Lok Sabha,1,195613601.7,8828612.0,4.513291470160585,41,218,Maharashtra
MUMBAI NORTH EAST,MUMBAI NORTH EAST,SANJAY DINA PATIL,Lok Sabha,1,147000000.0,5955517.0,4.0513721088435375,0,40,Maharashtra
RAVER,RAVER,Smt Raksha Nikhil Khadse,Lok Sabha,1,153112586.11,5871973.0,3.8350687877359895,3,6,Maharashtra
RAMTEK,RAMTEK,Shyamkumar,Lok Sabha,1,147000000.0,5141086.0,3.4973374149659864,1,34,Maharashtra
BULDHANA,BULDHANA,Prataprao Jadhav,Lok Sabha,1,147000000.0,1208028.0,0.8217877551020408,0,68,Maharashtra
KALYAN,KALYAN,Shrikant Eknath Shinde,Lok Sabha,1,147000000.0,325000.0,0.22108843537414968,0,2,Maharashtra
Nominated Rajya Sabha,Nominated Rajya Sabha,Shri Ujjwal Deorao Nikam (2025-31),Rajya Sabha,1,73500000.0,0.0,0.0,0,0,Maharashtra
THANE,THANE,NARESH GANPAT MHASKE,Lok Sabha,1,147000000.0,0.0,0.0,0,0,Maharashtra
SUNDARGARH,SUNDARGARH,Shri Jual Oram,Lok Sabha,1,173096756.91,65790931.0,38.00818234521133,89,111,Odisha
KALAHANDI,KALAHANDI,MALVIKA DEVI,Lok Sabha,1,147000000.0,50804998.0,34.5612231292517,96,224,Odisha
KANDHAMAL,KANDHAMAL,SUKANTA KUMAR PANIGRAHI,Lok Sabha,1,190712424.11,54209040.0,28.424493188096157,148,202,Odisha
PURI,PURI,SAMBIT PATRA,Lok Sabha,1,147000000.0,38354750.0,26.09166666666667,548,175,Odisha
KORAPUT,KORAPUT,Saptagiri Sankar Ulaka,Lok Sabha,1,269500000.0,67850166.0,25.176313914656774,159,416,Odisha
CUTTACK,CUTTACK,Shri Bhartruhari Mahtab,Lok Sabha,1,147000000.0,36110567.0,24.56501156462585,86,397,Odisha
MAYURBHANJ,MAYURBHANJ,NABA CHARAN MAJHI,Lok Sabha,1,147563957.11,34422207.0,23.326974739732904,27,194,Odisha
BARGARH,BARGARH,PRADEEP PUROHIT,Lok Sabha,1,147000000.0,30901278.0,21.021277551020408,42,241,Odisha
BHUBANESWAR,BHUBANESWAR,Smt Aparajita Sarangi,Lok Sabha,1,147420861.41,30447444.0,20.653416150731204,47,230,Odisha
KEONJHAR,KEONJHAR,ANANTA NAYAK,Lok Sabha,1,147000000.0,29211360.0,19.871673469387755,17,323,Odisha
BHADRAK,BHADRAK,AVIMANYU SETHI,Lok Sabha,1,147000000.0,23107575.0,15.719438775510202,27,251,Odisha
Sitting Rajya Sabha,Sitting Rajya Sabha,Shri Ashwini Vaishnaw (2024-30),Rajya Sabha,10,1220576598.73,159408195.0,13.060073015152259,187,864,Odisha
KENDRAPARA,KENDRAPARA,BAIJAYANT PANDA,Lok Sabha,1,147000000.0,17127535.0,11.651384353741497,8,48,Odisha
JAGATSINGHPUR,JAGATSINGHPUR,BIBHU PRASAD TARAI,Lok Sabha,1,147000000.0,16233683.0,11.043321768707482,15,324,Odisha
NABARANGPUR,NABARANGPUR,BALABHADRA MAJHI,Lok Sabha,1,147413962.11,14970212.0,10.155219889435749,20,200,Odisha
ASKA,ASKA,ANITA SUBHADARSHINI,Lok Sabha,1,147000000.0,13418448.0,9.128195918367348,17,123,Odisha
SAMBALPUR,SAMBALPUR,DHARMENDRA PRADHAN,Lok Sabha,1,147000000.0,9704141.0,6.601456462585034,2,116,Odisha
JAJPUR,JAJPUR,RABINDRA NARAYAN BEHERA,Lok Sabha,1,147064617.11,9146086.0,6.219093470429394,3,190,Odisha
BOLANGIR,BOLANGIR,Smt Sangeeta Kumari Singh Deo,Lok Sabha,1,147000000.0,4193424.0,2.852669387755102,3,225,Odisha
DHENKANAL,DHENKANAL,RUDRA NARAYAN PANY,Lok Sabha,1,155013957.11,3039057.0,1.9605054000675848,0,79,Odisha
BALASORE,BALASORE,Pratap Chandra Sarangi,Lok Sabha,1,147064254.11,2525000.0,1.7169365970546246,10,117,Odisha
BERHAMPUR,BERHAMPUR,DR. PRADEEP KUMAR PANIGRAHY,Lok Sabha,1,147000000.0,0.0,0.0,0,111,Odisha
CHANDIGARH,CHANDIGARH,MANISH TEWARI,Lok Sabha,1,178351443.75,31091008.0,17.43243976403191,31,81,Chandigarh
Nominated Rajya Sabha,Nominated Rajya Sabha,Shri Satnam Singh Sandhu (2024-30),Rajya Sabha,1,147000000.0,9104144.0,6.193295238095238,4,20,Chandigarh
SOUTH DELHI,SOUTH DELHI,Ramvir Singh Bidhuri,Lok Sabha,1,147559100.0,28849836.0,19.551377041470165,41,82,Delhi
CHANDINI CHOWK,CHANDINI CHOWK,Praveen Khandelwal,Lok Sabha,1,147470276.0,26487847.0,17.961481946368636,35,34,Delhi
EAST DELHI,EAST DELHI,Harsh Malhotra,Lok Sabha,1,147134131.0,24390277.0,16.5768994822826,51,61,Delhi
NEW DELHI,NEW DELHI,Bansuri Swaraj,Lok Sabha,1,154306950.0,21775293.0,14.111673518269916,41,69,Delhi
NORTH EAST DELHI,NORTH EAST DELHI,Manoj Tiwari,Lok Sabha,1,225843858.0,28650238.0,12.685861042986609,6,17,Delhi
WEST DELHI,WEST DELHI,Kamaljeet Sehrawat,Lok Sabha,1,147000000.0,13075365.0,8.89480612244898,31,32,Delhi
Sitting Rajya Sabha,Sitting Rajya Sabha,Shri Narain Dass Gupta (2024-30),Rajya Sabha,3,492303496.11,41391082.0,8.407635193951903,27,129,Delhi
NORTH WEST DELHI,NORTH WEST DELHI,Yogendra Chandoliya,Lok Sabha,1,147876307.0,10961614.0,7.412691202790181,11,48,Delhi
Nominated Rajya Sabha,Nominated Rajya Sabha,Dr. Meenakshi Jain (2025-31),Rajya Sabha,1,73500000.0,0.0,0.0,0,10,Delhi
ANDAMAN AND NICOBAR ISLANDS,ANDAMAN AND NICOBAR ISLANDS,BISHNU PADA RAY,Lok Sabha,1,147000000.0,15498347.0,10.543093197278912,0,27,Andaman And Nicobar Islands
LADAKH,LADAKH,Mohamed Haneefa,Lok Sabha,1,161114542.0,6009392.0,3.729888019667399,0,55,Ladakh
DAMAN and DIU,DAMAN and DIU,PATEL UMESHBHAI BABUBHAI,Lok Sabha,1,245063957.0,0.0,0.0,0,61,The Dadra And Nagar Haveli And Daman And Diu
DADRA & NAGAR HAVELI,DADRA & NAGAR HAVELI,Kalaben Mohanbhai Delkar,Lok Sabha,1,147000000.0,0.0,0.0,0,2,The Dadra And Nagar Haveli And Daman And Diu
