constituency,state,projectCount,totalAmount
ADILABAD,Telangana,735,231332609.0
AGRA,Uttar Pradesh,146,195872433.0
AHMEDABAD EAST,Gujarat,357,180431414.0
AHMEDABAD WEST,Gujarat,284,146330751.0
AHMEDNAGAR,Maharashtra,159,171790089.0
AJMER,Rajasthan,357,191431440.0
AKBARPUR,Uttar Pradesh,235,181997700.0
AKOLA,Maharashtra,203,168480203.0
ALAPPUZHA,Kerala,157,162446204.0
ALATHUR,Kerala,605,228002955.24
ALIGARH,Uttar Pradesh,143,144861159.0
ALIPURDUARS,West Bengal,208,183907597.34
ALLAHABAD,Uttar Pradesh,860,173013781.0
ALMORA,Uttarakhand,1374,196612461.71
ALWAR,Rajasthan,149,145684184.97
AMALAPURAM,Andhra Pradesh,302,210222372.0
AMBALA,Haryana,157,125795208.0
AMBEDKAR NAGAR,Uttar Pradesh,351,205050374.0
AMETHI,Uttar Pradesh,124,173706512.0
AMRAVATI,Maharashtra,249,220784087.0
AMRELI,Gujarat,588,184856693.0
AMRITSAR,Punjab,412,156643307.6
AMROHA,Uttar Pradesh,432,197569276.0
ANAKAPALLE,Andhra Pradesh,164,170913007.0
ANAND,Gujarat,926,188191879.0
ANANDPUR SAHIB,Punjab,602,196735734.0
ANANTAPUR,Andhra Pradesh,359,264906164.0
ANANTNAG,Jammu And Kashmir,481,212399120.0
ANDAMAN AND NICOBAR ISLANDS,Andaman And Nicobar Islands,69,160045561.0
AONLA,Uttar Pradesh,202,219716586.1
ARAKKONAM,Tamil Nadu,251,242280811.0
ARAKU,Andhra Pradesh,322,198711696.0
ARAMBAG,West Bengal,365,174809368.84
ARANI,Tamil Nadu,420,214505312.0
ARARIA,Bihar,106,230179034.0
ARRAH,Bihar,317,266553281.0
ARUNACHAL EAST,Arunachal Pradesh,297,231145508.0
ARUNACHAL WEST,Arunachal Pradesh,335,191476216.0
ASANSOL,West Bengal,108,152939401.0
ASKA,Odisha,378,120505182.0
ATTINGAL,Kerala,745,213066370.0
AURANGABAD,Bihar,536,248154345.0
AURANGABAD,Maharashtra,181,185914169.0
AZAMGARH,Uttar Pradesh,148,146935713.0
BADAUN,Uttar Pradesh,226,177723569.38
BAGALKOT,Karnataka,383,192035480.0
BAGHPAT,Uttar Pradesh,206,182657729.0
BAHARAMPUR,West Bengal,350,241469405.0
BAHRAICH,Uttar Pradesh,174,239409768.0
BALAGHAT,Madhya Pradesh,470,150174852.0
BALASORE,Odisha,628,134156688.0
BALLIA,Uttar Pradesh,411,216992193.0
BALURGHAT,West Bengal,546,155392320.8
BANASKANTHA,Gujarat,321,150543917.0
BANDA,Uttar Pradesh,625,199025651.66
BANGALORE CENTRAL,Karnataka,75,110995251.0
BANGALORE NORTH,Karnataka,330,210787888.0
BANGALORE RURAL,Karnataka,315,208060231.0
BANGALORE SOUTH,Karnataka,235,226400931.0
BANGAON,West Bengal,99,203202004.12
BANKA,Bihar,205,210261180.0
BANKURA,West Bengal,359,234381402.0
BANSGAON,Uttar Pradesh,297,176576004.0
BANSWARA,Rajasthan,238,193695862.2
BAPATLA,Andhra Pradesh,246,193170114.0
BARABANKI,Uttar Pradesh,1373,195816171.05
BARAMATI,Maharashtra,238,163427340.0
BARAMULLAH,Jammu And Kashmir,371,127807061.46
BARASAT,West Bengal,256,191229117.0
BARDHAMAN PURBA,West Bengal,156,184055680.0
BARDHAMAN-DURGAPUR,West Bengal,307,202247754.0
BARDOLI,Gujarat,483,150238482.0
BAREILLY,Uttar Pradesh,261,185546323.0
BARGARH,Odisha,545,186482728.0
BARMER,Rajasthan,258,172948397.0
BARPETA,Assam,305,185728000.0
BARRACKPUR,West Bengal,85,235219538.0
BASIRHAT,West Bengal,62,123561865.0
BASTAR,Chhattisgarh,356,178225767.0
BASTI,Uttar Pradesh,190,258558774.0
BEED,Maharashtra,253,214874540.0
BEGUSARAI,Bihar,143,182394812.0
BELGAUM,Karnataka,355,190989014.0
BELLARY,Karnataka,103,192442376.0
BERHAMPUR,Odisha,336,119696752.0
BETUL,Madhya Pradesh,770,205470587.0
BHADOHI,Uttar Pradesh,604,168368738.0
BHADRAK,Odisha,446,141849370.0
BHAGALPUR,Bihar,166,177173465.0
BHANDARA-GONDIYA,Maharashtra,365,247946522.0
BHARATPUR,Rajasthan,453,224625990.13
BHARUCH,Gujarat,623,181420548.0
BHATINDA,Punjab,579,209192157.8
BHAVNAGAR,Gujarat,431,153827945.9
BHILWARA,Rajasthan,489,199032248.5
BHIND,Madhya Pradesh,347,138011718.0
BHIWANDI,Maharashtra,222,217347868.0
BHIWANI MAHENDRAGARH,Haryana,322,142143213.0
BHONGIR,Telangana,862,174985079.1
BHOPAL,Madhya Pradesh,303,200272266.0
BHUBANESWAR,Odisha,816,170914083.0
BIDAR,Karnataka,432,167977670.0
BIJAPUR,Karnataka,780,253572986.0
BIJNOR,Uttar Pradesh,284,195001050.01
BIKANER,Rajasthan,126,120778198.0
BILASPUR,Chhattisgarh,280,169945333.23
BIRBHUM,West Bengal,227,141624675.34
BISHNUPUR,West Bengal,180,191495364.0
BOLANGIR,Odisha,756,196174349.0
BOLPUR,West Bengal,261,313731976.0
BULANDSHAHR,Uttar Pradesh,634,206680103.7
BULDHANA,Maharashtra,243,165689353.0
BUXAR,Bihar,272,240428361.0
CHALAKUDY,Kerala,240,207121009.0
CHAMARAJANAGAR,Karnataka,234,166183016.0
CHANDAULI,Uttar Pradesh,303,176944656.43
CHANDIGARH,Chandigarh,140,129182047.82
CHANDINI CHOWK,Delhi,265,166137223.63
CHANDRAPUR,Maharashtra,92,110743543.0
CHATRA,Jharkhand,537,151671791.0
CHELVELLA,Telangana,727,251243846.0
CHENNAI CENTRAL,Tamil Nadu,22,196408433.0
CHENNAI NORTH,Tamil Nadu,132,261792889.0
CHENNAI SOUTH,Tamil Nadu,77,248687362.0
CHHINDWARA,Madhya Pradesh,1199,171279516.14
CHHOTA UDAIPUR,Gujarat,676,174560079.0
CHIDAMBARAM,Tamil Nadu,162,160172261.0
CHIKBALLAPUR,Karnataka,319,177845481.0
CHIKKODI,Karnataka,361,188152239.0
CHITRADURGA,Karnataka,351,186555383.0
CHITTOOR,Andhra Pradesh,389,224774057.0
CHITTORGARH,Rajasthan,418,137915223.0
CHURU,Rajasthan,405,218932749.0
COIMBATORE,Tamil Nadu,131,188180444.0
COOCHBEHAR,West Bengal,128,155846958.0
CUDDALORE,Tamil Nadu,238,169688032.0
CUTTACK,Odisha,747,214605006.0
DADRA & NAGAR HAVELI,The Dadra And Nagar Haveli And Daman And Diu,2,14700000.0
DAHOD,Gujarat,875,204759680.0
DAKSHINA KANNADA,Karnataka,311,168222598.0
DAMAN and DIU,The Dadra And Nagar Haveli And Daman And Diu,61,241786200.0
DAMOH,Madhya Pradesh,523,158022083.0
DARBHANGA,Bihar,452,204241078.0
DARJEELING,West Bengal,293,180629672.0
Darrang-Udalguri,Assam,502,142949999.99
DAUSA,Rajasthan,316,164805935.0
DAVANAGERE,Karnataka,172,142384394.0
DEORIA,Uttar Pradesh,230,201176638.0
DEWAS,Madhya Pradesh,307,182874373.0
DHANBAD,Jharkhand,641,204300250.0
DHAR,Madhya Pradesh,738,194601521.0
DHARAMAPURI,Tamil Nadu,504,257900236.0
DHARWAD,Karnataka,357,185575312.0
DHAURAHRA,Uttar Pradesh,209,146227430.38
DHENKANAL,Odisha,244,122656651.0
DHUBRI,Assam,270,145650429.0
DHULE,Maharashtra,192,172639942.0
DIAMOND HARBOUR,West Bengal,474,166738634.0
DIBRUGARH,Assam,219,181589085.91
DINDIGUL,Tamil Nadu,263,244627244.0
DINDORI,Maharashtra,284,192496224.0
Diphu,Assam,133,195414620.0
DOMARIYAGANJ,Uttar Pradesh,168,181468500.0
DUM DUM,West Bengal,124,129272450.0
DUMKA,Jharkhand,785,238863818.0
DURG,Chhattisgarh,350,188911719.0
EAST DELHI,Delhi,137,149150372.0
ELURU,Andhra Pradesh,189,191034157.0
ERNAKULAM,Kerala,152,219305909.0
ERODE,Tamil Nadu,344,226613753.0
ETAH,Uttar Pradesh,433,168026945.0
ETAWAH,Uttar Pradesh,809,244114060.45
FAIZABAD,Uttar Pradesh,279,209166503.0
FARIDABAD,Haryana,240,183891037.0
FARIDKOT,Punjab,839,212233222.0
FARRUKHABAD,Uttar Pradesh,642,208216129.01
FATEHGARH SAHIB,Punjab,692,180849569.0
FATEHPUR,Uttar Pradesh,152,159045364.0
FATEHPUR SIKRI,Uttar Pradesh,96,155489204.0
FIROZABAD,Uttar Pradesh,76,142688216.95
FIROZPUR,Punjab,641,168881847.0
GADCHIROLI-CHIMUR,Maharashtra,257,207405784.0
GANDHINAGAR,Gujarat,260,113886744.0
GANGANAGAR,Rajasthan,197,151442530.6
GARHWAL,Uttarakhand,377,108213145.0
GAUTAM BUDDHA NAGAR,Uttar Pradesh,260,219518756.28
GAYA,Bihar,348,164677755.0
GHATAL,West Bengal,409,282293354.0
GHAZIABAD,Uttar Pradesh,109,134793905.0
GHAZIPUR,Uttar Pradesh,476,207441264.0
GHOSI,Uttar Pradesh,378,180757294.86
GIRIDIH,Jharkhand,1015,213103387.0
GODDA,Jharkhand,2,4285510.0
GONDA,Uttar Pradesh,290,197569247.0
GOPALGANJ,Bihar,259,208223023.0
GORAKHPUR,Uttar Pradesh,144,93058614.72
GULBARGA,Karnataka,244,239631044.0
GUNA,Madhya Pradesh,85,188235113.0
GUNTUR,Andhra Pradesh,241,200141364.0
GURDASPUR,Punjab,509,211032049.0
GURGAON,Haryana,171,137687780.0
GUWAHATI,Assam,175,208549223.0
GWALIOR,Madhya Pradesh,249,158400159.47
HAJIPUR,Bihar,191,179617271.0
HAMIRPUR,Himachal Pradesh,863,128719867.0
HAMIRPUR,Uttar Pradesh,342,235958299.0
HARDOI,Uttar Pradesh,53,170278642.0
HARDWAR,Uttarakhand,276,138407855.0
HASSAN,Karnataka,473,193873004.0
HATHRAS,Uttar Pradesh,151,219876772.0
HATKANANGLE,Maharashtra,177,126520750.15
HAVERI,Karnataka,361,190018876.0
HAZARIBAGH,Jharkhand,286,153938605.31
HINDUPUR,Andhra Pradesh,156,141803190.0
HINGOLI,Maharashtra,229,225134155.0
HISAR,Haryana,776,235173496.0
HOOGHLY,West Bengal,411,196077635.43
HOSHANGABAD,Madhya Pradesh,763,121089149.0
HOSHIARPUR,Punjab,726,202954220.0
HOWRAH,West Bengal,365,182606939.0
HYDERABAD,Telangana,87,198511375.0
IDUKKI,Kerala,344,218468874.0
INDORE,Madhya Pradesh,484,187691905.92
INNER MANIPUR,Manipur,87,213153215.0
JABALPUR,Madhya Pradesh,705,162900771.0
JADAVPUR,West Bengal,472,153788692.0
JAGATSINGHPUR,Odisha,666,230974030.0
JAHANABAD,Bihar,546,212742652.0
JAIPUR,Rajasthan,138,181831650.0
JAIPUR RURAL,Rajasthan,248,164846773.0
JAJPUR,Odisha,399,159765646.0
JALANDHAR,Punjab,317,99924331.0
JALAUN,Uttar Pradesh,454,221067677.8
JALGAON,Maharashtra,191,111270063.0
JALNA,Maharashtra,180,175782690.0
JALORE,Rajasthan,276,148435133.0
JALPAIGURI,West Bengal,68,92522582.0
JAMMU,Jammu And Kashmir,325,165282034.0
JAMNAGAR,Gujarat,431,165704526.52
JAMSHEDPUR,Jharkhand,305,171797295.0
JAMUI,Bihar,561,206777773.0
JANGIPUR,West Bengal,412,269038493.75
JANJGIR CHAMPA,Chhattisgarh,492,163099840.0
JAUNPUR,Uttar Pradesh,907,192403319.64
JHALAWAR-BARAN,Rajasthan,338,145801432.7
JHANJHARPUR,Bihar,242,198210816.0
JHANSI,Uttar Pradesh,306,188881144.0
JHARGRAM,West Bengal,95,189099765.26
JHUNJHUNU,Rajasthan,272,134764680.83
JODHPUR,Rajasthan,256,162490844.07
JORHAT,Assam,650,199816094.14
JOYNAGAR,West Bengal,369,169694900.0
JUNAGADH,Gujarat,470,157479153.0
KACHCHH,Gujarat,545,209385615.0
KADAPA,Andhra Pradesh,434,215678974.0
KAIRANA,Uttar Pradesh,147,144548156.0
KAISERGANJ,Uttar Pradesh,158,215273927.0
KAKINADA,Andhra Pradesh,151,109324271.35
KALAHANDI,Odisha,659,198147791.0
KALLAKURICHI,Tamil Nadu,490,270613726.0
KALYAN,Maharashtra,36,73917339.0
KANCHEEPURAM,Tamil Nadu,668,240672368.34
KANDHAMAL,Odisha,442,134714302.0
KANGRA,Himachal Pradesh,973,243431366.0
KANKER,Chhattisgarh,226,126125163.0
KANNAUJ,Uttar Pradesh,358,203409454.14
KANNIYAKUMARI,Tamil Nadu,183,215139577.0
KANNUR,Kerala,432,184906666.0
KANPUR,Uttar Pradesh,137,140998224.0
KANTHI,West Bengal,155,191792475.0
KARAKAT,Bihar,432,216417733.0
KARAULI-DHOLPUR,Rajasthan,458,178413125.0
KARIMGANJ,Assam,144,216311213.0
KARIMNAGAR,Telangana,1170,313384726.0
KARNAL,Haryana,160,140834300.0
KARUR,Tamil Nadu,354,213146129.0
KASARAGOD,Kerala,493,186616124.0
KATIHAR,Bihar,145,131398221.0
KAUSHAMBI,Uttar Pradesh,845,120360655.0
Kaziranga,Assam,301,137315522.0
KENDRAPARA,Odisha,214,183988251.0
KEONJHAR,Odisha,586,234050848.0
KHADOOR SAHIB,Punjab,149,68691240.2
KHAGARIA,Bihar,237,129410061.0
KHAJURAHO,Madhya Pradesh,272,209566997.99
KHAMMAM,Telangana,454,182498175.0
KHANDWA,Madhya Pradesh,556,194581176.0
KHARGONE,Madhya Pradesh,638,211818946.0
KHEDA,Gujarat,1013,212038872.0
KHERI,Uttar Pradesh,411,144380293.14
KHUNTI,Jharkhand,455,188213550.0
KISHANGANJ,Bihar,328,230490428.0
KODARMA,Jharkhand,669,199779885.0
KOKRAJHAR,Assam,197,212948516.0
KOLAR,Karnataka,286,147142897.79
KOLHAPUR,Maharashtra,206,195115374.0
KOLKATA DAKSHIN,West Bengal,132,165043915.0
KOLKATA UTTAR,West Bengal,95,164185280.0
KOLLAM,Kerala,256,176255420.34
KOPPAL,Karnataka,494,203119209.0
KORAPUT,Odisha,801,257552839.0
KORBA,Chhattisgarh,420,162638091.0
KOTA,Rajasthan,378,207188595.51
KOTTAYAM,Kerala,547,264584942.0
KOZHIKODE,Kerala,490,170857681.0
KRISHNAGIRI,Tamil Nadu,227,195064811.0
KRISHNANAGAR,West Bengal,82,162779914.0
KURNOOL,Andhra Pradesh,573,187321008.0
KURUKSHETRA,Haryana,324,148051662.42
KUSHI NAGAR,Uttar Pradesh,382,174352733.0
LADAKH,Ladakh,225,146257376.0
LAKHIMPUR,Assam,265,131274458.34
LAKSHADWEEP,Lakshadweep,73,290653583.0
LALGANJ,Uttar Pradesh,430,146579751.0
LATUR,Maharashtra,222,161145062.0
LOHARDAGA,Jharkhand,335,207605523.0
LUCKNOW,Uttar Pradesh,144,146975276.0
LUDHIANA,Punjab,565,185187762.0
MACHHLISHAHR,Uttar Pradesh,2147,186491318.24
MACHILIPATNAM,Andhra Pradesh,155,117529700.0
MADHA,Maharashtra,739,174479482.0
MADHEPURA,Bihar,284,244149195.0
MADHUBANI,Bihar,273,178297619.0
MADURAI,Tamil Nadu,294,200022661.0
MAHABUBABAD,Telangana,558,195250166.0
MAHABUBNAGAR,Telangana,629,250204951.0
MAHARAJGANJ,Uttar Pradesh,118,203772002.0
MAHARAJGANJ,Bihar,176,195292676.0
MAHASAMUND,Chhattisgarh,270,165325561.0
MAHESANA,Gujarat,1051,204067046.6
MAINPURI,Uttar Pradesh,219,168564951.0
MALAPPURAM,Kerala,370,181120291.0
MALDAHA DAKSHIN,West Bengal,438,184434753.0
MALDAHA UTTAR,West Bengal,308,108601088.3
MALKAJGIRI,Telangana,338,265707278.0
MANDI,Himachal Pradesh,730,166963906.0
MANDLA,Madhya Pradesh,509,165413804.0
MANDSOUR,Madhya Pradesh,963,142713434.0
MANDYA,Karnataka,290,168759361.0
MATHURA,Uttar Pradesh,198,167190405.0
MATHURAPUR,West Bengal,288,149317032.0
MAVAL,Maharashtra,217,199048177.0
MAVELIKKARA,Kerala,286,205048082.0
MAYILADUTHURAI,Tamil Nadu,275,213610212.0
MAYURBHANJ,Odisha,424,205478980.0
MEDAK,Telangana,371,204335614.0
MEDINIPUR,West Bengal,207,185828227.0
MEERUT,Uttar Pradesh,319,179006765.0
MIRZAPUR,Uttar Pradesh,30,166432665.54
MISRIKH,Uttar Pradesh,19,220094625.0
MIZORAM,Mizoram,337,196894229.0
MOHANLALGANJ,Uttar Pradesh,142,122232189.84
MORADABAD,Uttar Pradesh,464,113817342.84
MORENA,Madhya Pradesh,259,143731760.81
MUMBAI NORTH,Maharashtra,83,168070000.0
MUMBAI NORTH EAST,Maharashtra,78,184760162.0
MUMBAI NORTH WEST,Maharashtra,85,203000000.0
MUMBAI NORTH-CENTRAL,Maharashtra,105,169423238.0
MUMBAI SOUTH,Maharashtra,106,193802097.0
MUMBAI SOUTH CENTRAL,Maharashtra,63,174641833.0
MUNGER,Bihar,343,131099262.0
MURSHIDABAD,West Bengal,539,307340497.0
MUZAFFARNAGAR,Uttar Pradesh,281,154027519.0
MUZAFFARPUR,Bihar,193,176292561.0
MYSORE,Karnataka,294,162575000.0
NABARANGPUR,Odisha,504,169742179.0
NAGALAND,Nagaland,71,196000000.0
NAGAPATTINAM,Tamil Nadu,163,164490094.0
NAGARKURNOOL,Telangana,420,170985090.0
NAGAUR,Rajasthan,432,191022535.0
NAGINA,Uttar Pradesh,751,170489060.0
NAGPUR,Maharashtra,107,199498434.0
NAINITAL UDHAM SINGH NAG.,Uttarakhand,785,210931855.92
NALANDA,Bihar,454,159972226.0
NALGONDA,Telangana,316,132991530.0
NAMAKKAL,Tamil Nadu,308,229361087.0
NANDED,Maharashtra,290,210728883.28
NANDURBAR,Maharashtra,334,185033415.0
NANDYAL,Andhra Pradesh,336,172297157.87
NARASAPURAM,Andhra Pradesh,105,91527978.0
NARASARAOPET,Andhra Pradesh,241,152118867.0
NASHIK,Maharashtra,229,199519343.0
NAVSARI,Gujarat,568,195959705.0
NAWADA,Bihar,424,202987404.0
NELLORE,Andhra Pradesh,248,191255735.0
NEW DELHI,Delhi,140,167713472.0
NILGIRIS,Tamil Nadu,238,188277826.0
NIZAMABAD,Telangana,916,265293027.0
Nominated Rajya Sabha,Andhra Pradesh,195,168209842.0
Nominated Rajya Sabha,Jammu And Kashmir,185,146988063.89
Nominated Rajya Sabha,Tamil Nadu,27,51548688.0
Nominated Rajya Sabha,Karnataka,484,275291430.0
Nominated Rajya Sabha,Kerala,156,161132739.0
Nominated Rajya Sabha,Chandigarh,24,21179021.0
Nominated Rajya Sabha,Delhi,10,20904625.0
Nominated Rajya Sabha,West Bengal,6,9510271.0
NORTH EAST DELHI,Delhi,64,170364248.0
NORTH GOA,Goa,161,248533365.61
NORTH WEST DELHI,Delhi,154,143222239.0
NOWGONG,Assam,353,144284815.0
ONGOLE,Andhra Pradesh,366,204568254.0
OSMANABAD,Maharashtra,445,273021155.0
OUTER MANIPUR,Manipur,110,178631963.0
PALAKKAD,Kerala,356,175774309.0
PALAMU,Jharkhand,467,178465915.0
PALGHAR,Maharashtra,175,177418588.0
PALI,Rajasthan,222,123809591.5
PANCHMAHAL,Gujarat,934,187553576.0
PARBHANI,Maharashtra,220,177967824.0
PASCHIM CHAMPARAN,Bihar,239,111283766.0
PATALIPUTRA,Bihar,324,102159737.0
PATAN,Gujarat,545,186146147.25
PATHANAMTHITTA,Kerala,522,229536072.01
PATIALA,Punjab,552,188070760.22
PATNA SAHIB,Bihar,286,172606179.0
PEDDAPALLE,Telangana,420,153519474.0
PERAMBALUR,Tamil Nadu,129,197073583.0
PHULPUR,Uttar Pradesh,468,195374602.52
PILIBHIT,Uttar Pradesh,201,154262897.89
POLLACHI,Tamil Nadu,223,189446387.0
PONNANI,Kerala,445,237055957.0
PORBANDAR,Gujarat,489,198549404.0
PRATAPGARH,Uttar Pradesh,874,194843062.6
Puducherry,Puducherry,140,217833839.0
PUNE,Maharashtra,133,173412600.3
PURI,Odisha,1031,210801020.0
PURNEA,Bihar,271,242541359.0
PURULIA,West Bengal,238,164121730.0
PURVI CHAMPARAN,Bihar,187,216822158.0
RAE BARELI,Uttar Pradesh,1670,194178717.86
RAICHUR,Karnataka,332,192681370.0
RAIGAD,Maharashtra,168,192796307.0
RAIGANJ,West Bengal,474,194416937.0
RAIGARH,Chhattisgarh,202,138568554.0
RAIPUR,Chhattisgarh,370,210300616.0
RAJAHMUNDRY,Andhra Pradesh,44,184491124.0
RAJAMPET,Andhra Pradesh,764,255805348.92
RAJGARH,Madhya Pradesh,765,219900715.0
RAJKOT,Gujarat,585,241497357.0
RAJMAHAL,Jharkhand,1058,212981889.0
RAJNANDGAON,Chhattisgarh,344,155287926.0
RAJSAMAND,Rajasthan,215,163048530.0
RAMANATHAPURAM,Tamil Nadu,294,190891154.0
RAMPUR,Uttar Pradesh,732,135429470.84
RAMTEK,Maharashtra,210,130326795.0
RANAGHAT,West Bengal,364,182698662.0
RANCHI,Jharkhand,229,146792248.0
RATLAM,Madhya Pradesh,305,162100226.0
RATNAGIRI-SINDHUDURG,Maharashtra,204,156298603.0
RAVER,Maharashtra,105,108037917.0
REWA,Madhya Pradesh,228,208494262.0
ROBERTSGANJ,Uttar Pradesh,537,180392531.0
ROHTAK,Haryana,355,220718655.0
SABARKANTHA,Gujarat,490,168756879.0
SAGAR,Madhya Pradesh,474,251834533.0
SAHARANPUR,Uttar Pradesh,177,156023919.0
SALEM,Tamil Nadu,78,102611741.5
SALEMPUR,Uttar Pradesh,422,250622404.0
SAMASTIPUR,Bihar,218,160358416.0
SAMBALPUR,Odisha,341,240935107.0
SAMBHAL,Uttar Pradesh,534,140990253.85
SANGLI,Maharashtra,245,204123043.0
SANGRUR,Punjab,906,175032583.19
SANT KABIR NAGAR,Uttar Pradesh,650,200172732.82
SARAN,Bihar,58,297212000.0
SARGUJA,Chhattisgarh,520,168960597.0
SASARAM,Bihar,279,193273878.0
SATARA,Maharashtra,369,213012025.0
SATNA,Madhya Pradesh,600,143475318.0
SECUNDERABAD,Telangana,130,169668953.0
SHAHDOL,Madhya Pradesh,486,188506016.0
SHAHJAHANPUR,Uttar Pradesh,423,219222657.0
SHEOHAR,Bihar,179,158995885.0
SHILLONG,Meghalaya,444,169185000.0
SHIMLA,Himachal Pradesh,884,178283289.0
SHIMOGA,Karnataka,487,195004354.0
SHIRDI,Maharashtra,262,168144037.0
SHIRUR,Maharashtra,210,191563521.0
SHRAWASTI,Uttar Pradesh,2420,202757389.0
SIDHI,Madhya Pradesh,371,238591741.0
SIKAR,Rajasthan,246,144468703.0
SIKKIM,Sikkim,174,226682145.0
SILCHAR,Assam,263,146505473.33
SINGHBHUM,Jharkhand,279,176042810.0
SIRSA,Haryana,508,171268990.0
SITAMARHI,Bihar,393,189928723.0
SITAPUR,Uttar Pradesh,93,212356775.0
Sitting Rajya Sabha,Karnataka,805,985981134.0
Sitting Rajya Sabha,Odisha,1051,660540764.0
Sitting Rajya Sabha,Sikkim,118,145830114.0
Sitting Rajya Sabha,Kerala,1357,1373802142.0
Sitting Rajya Sabha,Gujarat,1329,833849906.0
Sitting Rajya Sabha,Himachal Pradesh,855,285711740.04
Sitting Rajya Sabha,Bihar,1806,1678320759.0
Sitting Rajya Sabha,Andhra Pradesh,658,673618858.0
Sitting Rajya Sabha,Uttarakhand,541,464954143.0
Sitting Rajya Sabha,Haryana,285,224514499.0
Sitting Rajya Sabha,Assam,493,546816070.54
Sitting Rajya Sabha,Punjab,958,858849428.26
Sitting Rajya Sabha,Puducherry,101,253804780.0
Sitting Rajya Sabha,Rajasthan,982,919438754.0
Sitting Rajya Sabha,Tripura,58,84649344.0
Sitting Rajya Sabha,Goa,42,115145702.99
Sitting Rajya Sabha,Tamil Nadu,1174,1370371321.0
Sitting Rajya Sabha,Nagaland,77,204171000.0
Sitting Rajya Sabha,Delhi,156,228422906.0
Sitting Rajya Sabha,Uttar Pradesh,5803,4639104941.93
Sitting Rajya Sabha,Maharashtra,1019,1233961570.0
Sitting Rajya Sabha,Jharkhand,1293,688453593.0
Sitting Rajya Sabha,Telangana,807,501173597.0
Sitting Rajya Sabha,Madhya Pradesh,1364,908392976.0
Sitting Rajya Sabha,Chhattisgarh,411,358382247.0
Sitting Rajya Sabha,West Bengal,284,805660714.68
Sitting Rajya Sabha,Jammu And Kashmir,34,43378690.0
Sitting Rajya Sabha,Manipur,10,19500000.0
SIVAGANGA,Tamil Nadu,349,221710263.0
SIWAN,Bihar,291,241942782.0
SOLAPUR,Maharashtra,425,226088879.0
SONEPAT,Haryana,364,198700471.0
Sonitpur,Assam,277,193180811.32
SOUTH DELHI,Delhi,164,197199410.0
SOUTH GOA,Goa,208,203892034.0
SREERAMPUR,West Bengal,233,166451266.0
SRIKAKULAM,Andhra Pradesh,347,210246857.0
SRINAGAR,Jammu And Kashmir,198,84261801.1
SRIPERUMBUDUR,Tamil Nadu,225,231433598.0
SULTANPUR,Uttar Pradesh,132,213108219.57
SUNDARGARH,Odisha,341,190736295.0
SUPAUL,Bihar,179,186508231.0
SURAT,Gujarat,283,186325687.0
SURENDRANAGAR,Gujarat,472,179443407.61
TAMLUK,West Bengal,494,184990671.78
TEHRI GARHWAL,Uttarakhand,712,170470845.08
TENKASI,Tamil Nadu,373,233283144.0
THANE,Maharashtra,41,96020082.0
THANJAVUR,Tamil Nadu,126,229799056.0
THENI,Tamil Nadu,184,211393274.0
THIRUVANANTHAPURAM,Kerala,283,183883641.0
THOOTHUKKUDI,Tamil Nadu,116,222365107.0
THRISSUR,Kerala,181,196922610.16
TIKAMGARH,Madhya Pradesh,626,217574375.0
TIRUCHIRAPPALLI,Tamil Nadu,232,164086209.0
TIRUNELVELI,Tamil Nadu,211,197790260.0
TIRUPATI,Andhra Pradesh,391,207955090.0
TIRUPPUR,Tamil Nadu,196,228619922.0
TIRUVALLUR,Tamil Nadu,353,236201756.0
TIRUVANNAMALAI,Tamil Nadu,321,146497799.0
TONK-SAWAI MADHOPUR,Rajasthan,155,71792386.0
TRIPURA EAST,Tripura,61,192661574.0
TRIPURA WEST,Tripura,229,223259652.0
TUMKUR,Karnataka,278,171636312.0
TURA,Meghalaya,686,229420000.0
UDAIPUR,Rajasthan,319,159970825.54
UDHAMPUR,Jammu And Kashmir,479,159713899.0
UDUPI CHIKMAGALUR,Karnataka,538,217705516.0
UJJAIN,Madhya Pradesh,510,171563743.8
UJJARPUR,Bihar,414,152723844.0
ULUBERIA,West Bengal,359,167794656.0
UNNAO,Uttar Pradesh,172,199832222.0
UTTARA KANNADA,Karnataka,247,145003127.0
VADAKARA,Kerala,293,187146522.0
VADODARA,Gujarat,314,183582883.0
VAISHALI,Bihar,134,259486523.0
VALMIKI NAGAR,Bihar,344,220456460.0
VALSAD,Gujarat,534,206998139.0
VARANASI,Uttar Pradesh,513,208484222.0
VELLORE,Tamil Nadu,139,164308663.0
VIDISHA,Madhya Pradesh,432,163757417.0
VIJAYAWADA,Andhra Pradesh,122,115596399.0
VILUPPURAM,Tamil Nadu,480,224393218.0
VIRUDHUNAGAR,Tamil Nadu,213,194305347.0
VISAKHAPATNAM,Andhra Pradesh,95,171846163.0
VIZIANAGARAM,Andhra Pradesh,364,144920232.0
WARANGEL,Telangana,508,191325327.0
WARDHA,Maharashtra,323,138698120.0
WAYANAD,Kerala,162,202878206.0
WEST DELHI,Delhi,161,196582339.0
YAVATMAL-WASHIM,Maharashtra,259,199901838.87
ZAHIRABAD,Telangana,928,216488697.0
