house,cand_id,candidate_name,constituency,party,criminal_cases,education,total_assets_raw,total_assets_num,liabilities_raw,liabilities_num
Lok Sabha,2408,Aashtikar Patil Nagesh Bapurao,HINGOLI,ShivSena (Uddhav Balasaheb Thackeray),0,Graduate,"Rs 8,05,85,824 ~ 8 Crore+",80585824.0,"Rs 88,67,236 ~ 88 Lacs+",8867236.0
Lok Sabha,7591,Abdul Rashid Sheikh,BARAMULLA,IND,3,Graduate,"Rs 1,56,37,424 ~ 1 Crore+",15637424.0,"Rs 14,42,558 ~ 14 Lacs+",1442558.0
Lok Sabha,1702,Abhay Kumar Sinha,AURANGABAD,RJD,16,12th Pass,"Rs 10,77,18,589 ~ 10 Crore+",107718589.0,"Rs 4,78,01,483 ~ 4 Crore+",47801483.0
Lok Sabha,7912,Abhijit Gangopadhyay,TAMLUK,BJP,0,Graduate Professional,"Rs 4,62,55,624 ~ 4 Crore+",46255624.0,"Rs 50,77,654 ~ 50 Lacs+",5077654.0
Lok Sabha,9008,Abhishek Banerjee,DIAMOND HARBOUR,AITC,2,Post Graduate,"Rs 2,32,64,563 ~ 2 Crore+",23264563.0,"Rs 36,00,000 ~ 36 Lacs+",3600000.0
Lok Sabha,3377,Abu Taher Khan,MURSHIDABAD,AITC,3,10th Pass,"Rs 3,84,76,131 ~ 3 Crore+",38476131.0,Rs 0 ~,0.0
Lok Sabha,7933,Adhikari Deepak (Dev),GHATAL,AITC,0,Others,"Rs 37,13,47,069 ~ 37 Crore+",371347069.0,"Rs 2,86,03,907 ~ 2 Crore+",28603907.0
Lok Sabha,7922,Adhikari Soumendu,KANTHI,BJP,6,Post Graduate,"Rs 2,61,79,993 ~ 2 Crore+",26179993.0,"Rs 2,87,970 ~ 2 Lacs+",287970.0
Lok Sabha,3084,Adv Adoor Prakash,ATTINGAL,INC,13,Graduate Professional,"Rs 18,09,33,863 ~ 18 Crore+",180933863.0,"Rs 3,68,02,602 ~ 3 Crore+",36802602.0
Lok Sabha,6007,Adv Gowaal Kagada Padavi,NANDURBAR (ST),INC,0,Post Graduate,"Rs 7,01,70,431 ~ 7 Crore+",70170431.0,"Rs 78,17,614 ~ 78 Lacs+",7817614.0
Lok Sabha,3137,Adv K Francis George,KOTTAYAM,Kerala Congress,5,Graduate Professional,"Rs 9,51,96,318 ~ 9 Crore+",95196318.0,"Rs 13,00,000 ~ 13 Lacs+",1300000.0
Lok Sabha,2275,Adv. Dean Kuriakose,IDUKKI,INC,88,Post Graduate,"Rs 2,07,97,763 ~ 2 Crore+",20797763.0,"Rs 36,19,970 ~ 36 Lacs+",3619970.0
Lok Sabha,9428,Afzal Ansari,GHAZIPUR,SP,5,Post Graduate,"Rs 20,76,82,224 ~ 20 Crore+",207682224.0,Rs 0 ~,0.0
Lok Sabha,6318,Aga Syed Ruhullah Mehdi,SRINAGAR,Jammu & Kashmir National Conference,0,12th Pass,"Rs 3,57,93,000 ~ 3 Crore+",35793000.0,"Rs 4,38,000 ~ 4 Lacs+",438000.0
Lok Sabha,997,Ajay Bhatt,NAINITAL-UDHAM SINGH NAGAR,BJP,0,Graduate Professional,"Rs 4,87,14,988 ~ 4 Crore+",48714988.0,"Rs 19,05,347 ~ 19 Lacs+",1905347.0
Lok Sabha,1930,Ajay Kumar Mandal,BHAGALPUR,JD(U),0,8th Pass,"Rs 1,22,32,756 ~ 1 Crore+",12232756.0,"Rs 49,80,480 ~ 49 Lacs+",4980480.0
Lok Sabha,7179,Ajendra Singh Lodhi,HAMIRPUR,SP,0,12th Pass,"Rs 5,02,37,175 ~ 5 Crore+",50237175.0,"Rs 74,85,000 ~ 74 Lacs+",7485000.0
Lok Sabha,6236,Akhilesh Yadav,KANNAUJ,SP,3,Graduate Professional,"Rs 42,02,62,015 ~ 42 Crore+",420262015.0,"Rs 99,85,548 ~ 99 Lacs+",9985548.0
Lok Sabha,3481,Akshaya Yadav,FIROZABAD,SP,3,Graduate Professional,"Rs 1,36,43,48,650 ~ 136 Crore+",1364348650.0,"Rs 11,65,61,358 ~ 11 Crore+",116561358.0
Lok Sabha,340,Alfred Kanngam S Arthur,OUTER MANIPUR (ST),INC,0,12th Pass,"Rs 55,53,26,115 ~ 55 Crore+",555326115.0,"Rs 44,00,000 ~ 44 Lacs+",4400000.0
Lok Sabha,3941,Alok Sharma,BHOPAL,BJP,4,Graduate,"Rs 8,86,25,237 ~ 8 Crore+",88625237.0,"Rs 1,30,24,310 ~ 1 Crore+",13024310.0
Lok Sabha,1969,Amar Sharadrao Kale,WARDHA,Nationalist Congress Party – Sharadchandra Pawar,0,12th Pass,"Rs 10,61,75,044 ~ 10 Crore+",106175044.0,"Rs 2,95,04,353 ~ 2 Crore+",29504353.0
Lok Sabha,8748,Amar Singh,FATEHGARH SAHIB (SC),INC,0,Post Graduate,"Rs 5,42,80,612 ~ 5 Crore+",54280612.0,Rs 0 ~,0.0
Lok Sabha,1924,Amarsing Tisso,DIPHU (ST),BJP,0,12th Pass,"Rs 22,78,63,561 ~ 22 Crore+",227863561.0,"Rs 5,40,75,091 ~ 5 Crore+",54075091.0
Lok Sabha,4427,Amit Shah,GANDHINAGAR,BJP,3,12th Pass,"Rs 65,67,12,498 ~ 65 Crore+",656712498.0,"Rs 42,09,587 ~ 42 Lacs+",4209587.0
Lok Sabha,476,Amraram,SIKAR,CPI(M),0,Post Graduate,"Rs 40,50,109 ~ 40 Lacs+",4050109.0,Rs 0 ~,0.0
Lok Sabha,8745,Amrinder Singh Raja Warring,LUDHIANA,INC,0,10th Pass,"Rs 17,72,43,256 ~ 17 Crore+",177243256.0,"Rs 4,46,73,348 ~ 4 Crore+",44673348.0
Lok Sabha,9665,Amritpal Singh,KHADOOR SAHIB,IND,12,10th Pass,"Rs 18,38,440 ~ 18 Lacs+",1838440.0,Rs 0 ~,0.0
Lok Sabha,5215,Anand Bhadauriya,DHAURAHRA,SP,4,Post Graduate,"Rs 9,97,23,807 ~ 9 Crore+",99723807.0,"Rs 9,60,867 ~ 9 Lacs+",960867.0
Lok Sabha,5217,Anand Kumar,BAHRAICH (SC),BJP,0,Doctorate,"Rs 9,26,23,979 ~ 9 Crore+",92623979.0,"Rs 1,41,28,198 ~ 1 Crore+",14128198.0
Lok Sabha,8000,Ananta Nayak,KEONJHAR (ST),BJP,1,Others,"Rs 84,86,265 ~ 84 Lacs+",8486265.0,"Rs 1,76,548 ~ 1 Lacs+",176548.0
Lok Sabha,337,Angomcha Bimol Akoijam,INNER MANIPUR,INC,0,Doctorate,"Rs 97,67,556 ~ 97 Lacs+",9767556.0,"Rs 34,84,121 ~ 34 Lacs+",3484121.0
Lok Sabha,5170,Anil Firojiya,UJJAIN (SC),BJP,0,12th Pass,"Rs 8,81,59,766 ~ 8 Crore+",88159766.0,"Rs 3,03,46,543 ~ 3 Crore+",30346543.0
Lok Sabha,7098,Anil Yeshwant Desai,MUMBAI SOUTH - CENTRAL,ShivSena (Uddhav Balasaheb Thackeray),0,Graduate Professional,"Rs 22,94,43,731 ~ 22 Crore+",229443731.0,"Rs 2,30,36,212 ~ 2 Crore+",23036212.0
Lok Sabha,5066,Anita Nagarsingh Chouhan,RATLAM (ST),BJP,0,Post Graduate,"Rs 5,24,59,353 ~ 5 Crore+",52459353.0,"Rs 1,86,900 ~ 1 Lacs+",186900.0
Lok Sabha,7158,Anita Subhadarshini,ASKA,BJP,0,Post Graduate,"Rs 2,47,99,399 ~ 2 Crore+",24799399.0,"Rs 10,00,000 ~ 10 Lacs+",1000000.0
Lok Sabha,7285,Annpurna Devi,KODARMA,BJP,2,Post Graduate,"Rs 12,82,82,857 ~ 12 Crore+",128282857.0,"Rs 78,85,853 ~ 78 Lacs+",7885853.0
Lok Sabha,3697,Anoop Pradhan Balmiki,HATHRAS (SC),BJP,1,12th Pass,"Rs 4,13,63,952 ~ 4 Crore+",41363952.0,"Rs 1,71,00,000 ~ 1 Crore+",17100000.0
Lok Sabha,2309,Anto Antony,PATHANAMTHITTA,INC,5,Graduate,"Rs 1,24,71,856 ~ 1 Crore+",12471856.0,"Rs 1,56,73,065 ~ 1 Crore+",15673065.0
Lok Sabha,2367,Anup Sanjay Dhotre,AKOLA,BJP,1,Graduate,"Rs 10,92,59,962 ~ 10 Crore+",109259962.0,"Rs 3,72,01,641 ~ 3 Crore+",37201641.0
Lok Sabha,7176,Anurag Sharma,JHANSI,BJP,0,Post Graduate,"Rs 2,12,07,65,800 ~ 212 Crore+",2120765800.0,"Rs 1,49,48,530 ~ 1 Crore+",14948530.0
Lok Sabha,8760,Anurag Singh Thakur,HAMIRPUR,BJP,1,Graduate,"Rs 12,26,63,406 ~ 12 Crore+",122663406.0,"Rs 1,43,74,994 ~ 1 Crore+",14374994.0
Lok Sabha,8040,Aparajita Sarangi,BHUBANESWAR,BJP,1,Graduate,"Rs 4,62,54,213 ~ 4 Crore+",46254213.0,Rs 0 ~,0.0
Lok Sabha,5132,Appalanaidu Kalisetti,VIZIANAGARAM,TDP,0,Graduate Professional,"Rs 6,23,65,187 ~ 6 Crore+",62365187.0,"Rs 66,70,915 ~ 66 Lacs+",6670915.0
Lok Sabha,381,Arjun Ram Meghwal,BIKANER (SC),BJP,0,Post Graduate,"Rs 3,76,54,863 ~ 3 Crore+",37654863.0,Rs 0 ~,0.0
Lok Sabha,1681,Arun Bharti,JAMUI (SC),Lok Janshakti Party(Ram Vilas),0,Post Graduate,"Rs 6,48,70,319 ~ 6 Crore+",64870319.0,"Rs 3,12,04,393 ~ 3 Crore+",31204393.0
Lok Sabha,1923,Arun Govil,MEERUT,BJP,0,Graduate,"Rs 14,44,00,261 ~ 14 Crore+",144400261.0,"Rs 14,64,028 ~ 14 Lacs+",1464028.0
Lok Sabha,5206,Arun Kumar Sagar,SHAHJAHANPUR (SC),BJP,0,12th Pass,"Rs 5,83,17,453 ~ 5 Crore+",58317453.0,"Rs 25,21,626 ~ 25 Lacs+",2521626.0
Lok Sabha,5236,Aruna. D. K,MAHBUBNAGAR,BJP,6,12th Pass,"Rs 66,75,69,871 ~ 66 Crore+",667569871.0,"Rs 1,61,32,436 ~ 1 Crore+",16132436.0
Lok Sabha,7977,Arup Chakraborty,BANKURA,AITC,0,Graduate Professional,"Rs 17,19,11,710 ~ 17 Crore+",171911710.0,"Rs 6,56,85,037 ~ 6 Crore+",65685037.0
Lok Sabha,5246,Arvind Dharmapuri,NIZAMABAD,BJP,22,Post Graduate,"Rs 1,09,90,20,273 ~ 109 Crore+",1099020273.0,"Rs 30,66,81,918 ~ 30 Crore+",306681918.0
Lok Sabha,7097,Arvind Ganpat Sawant,MUMBAI SOUTH,ShivSena (Uddhav Balasaheb Thackeray),1,Graduate,"Rs 5,04,85,191 ~ 5 Crore+",50485191.0,Rs 0 ~,0.0
Lok Sabha,5228,Asaduddin Owaisi,HYDERABAD,All India Majlis-E-Ittehadul Muslimeen,5,Graduate Professional,"Rs 23,87,66,044 ~ 23 Crore+",238766044.0,"Rs 7,05,00,000 ~ 7 Crore+",70500000.0
Lok Sabha,240,Ashish Dubey,JABALPUR,BJP,0,Graduate Professional,"Rs 35,18,56,860 ~ 35 Crore+",351856860.0,"Rs 1,35,29,284 ~ 1 Crore+",13529284.0
Lok Sabha,5077,Ashok Kumar Rawat,MISRIKH (SC),BJP,0,Post Graduate,"Rs 12,96,70,318 ~ 12 Crore+",129670318.0,"Rs 2,48,61,056 ~ 2 Crore+",24861056.0
Lok Sabha,7275,Ashok Kumar Yadav,MADHUBANI,BJP,2,Doctorate,"Rs 5,85,83,773 ~ 5 Crore+",58583773.0,"Rs 1,02,24,706 ~ 1 Crore+",10224706.0
Lok Sabha,2518,Atul Garg,GHAZIABAD,BJP,0,12th Pass,"Rs 26,97,82,311 ~ 26 Crore+",269782311.0,"Rs 1,29,01,326 ~ 1 Crore+",12901326.0
Lok Sabha,9413,Avimanyu Sethi,BHADRAK (SC),BJP,0,Post Graduate,"Rs 7,07,94,290 ~ 7 Crore+",70794290.0,"Rs 1,06,59,172 ~ 1 Crore+",10659172.0
Lok Sabha,7190,Awadhesh Prasad,FAIZABAD,SP,1,Post Graduate,"Rs 5,29,67,071 ~ 5 Crore+",52967071.0,"Rs 10,00,000 ~ 10 Lacs+",1000000.0
Lok Sabha,5195,Azad Kirti Jha,BURDWAN - DURGAPUR,AITC,1,Graduate,"Rs 10,20,14,033 ~ 10 Crore+",102014033.0,"Rs 57,38,812 ~ 57 Lacs+",5738812.0
Lok Sabha,5109,B K Parthasarathi,HINDUPUR,TDP,15,Graduate,"Rs 16,89,59,895 ~ 16 Crore+",168959895.0,"Rs 1,78,90,470 ~ 1 Crore+",17890470.0
Lok Sabha,4005,B.Y.Raghavendra,SHIMOGA,BJP,1,Graduate,"Rs 73,71,45,310 ~ 73 Crore+",737145310.0,"Rs 13,61,06,691 ~ 13 Crore+",136106691.0
Lok Sabha,8397,Babu Singh Kushwaha,JAUNPUR,SP,25,12th Pass,"Rs 20,01,49,000 ~ 20 Crore+",200149000.0,"Rs 2,82,55,000 ~ 2 Crore+",28255000.0
Lok Sabha,7088,Bachhav Shobha Dinesh,DHULE,INC,2,Others,"Rs 30,50,35,058 ~ 30 Crore+",305035058.0,"Rs 2,11,60,000 ~ 2 Crore+",21160000.0
Lok Sabha,5333,Bajrang Manohar Sonwane,BEED,Nationalist Congress Party – Sharadchandra Pawar,0,Graduate,"Rs 28,92,78,459 ~ 28 Crore+",289278459.0,"Rs 7,75,15,217 ~ 7 Crore+",77515217.0
Lok Sabha,6335,Balabhadra Majhi,NABARANGPUR (ST),BJP,2,Graduate,"Rs 7,88,63,561 ~ 7 Crore+",78863561.0,"Rs 11,24,732 ~ 11 Lacs+",1124732.0
Lok Sabha,6657,Balashowry Vallabhaneni,MACHILIPATNAM,Janasena Party,2,Post Graduate,"Rs 1,33,72,14,564 ~ 133 Crore+",1337214564.0,"Rs 86,81,02,917 ~ 86 Crore+",868102917.0
Lok Sabha,5297,Balram Naik Porika,MAHABUBABAD (ST),INC,6,10th Pass,"Rs 2,99,19,101 ~ 2 Crore+",29919101.0,"Rs 2,52,46,063 ~ 2 Crore+",25246063.0
Lok Sabha,1120,Balwant Baswant Wankhade,AMRAVATI (SC),INC,1,12th Pass,"Rs 1,73,58,730 ~ 1 Crore+",17358730.0,"Rs 31,07,392 ~ 31 Lacs+",3107392.0
Lok Sabha,5230,Bandi Sanjay Kumar,KARIMNAGAR,BJP,42,Post Graduate,"Rs 1,12,75,000 ~ 1 Crore+",11275000.0,"Rs 13,40,000 ~ 13 Lacs+",1340000.0
Lok Sabha,9027,Bandyopadhyay Sudip,KOLKATA UTTAR,AITC,2,Graduate,"Rs 8,48,12,907 ~ 8 Crore+",84812907.0,Rs 0 ~,0.0
Lok Sabha,7901,Bansuri Swaraj,NEW DELHI,BJP,0,Post Graduate,"Rs 19,29,46,528 ~ 19 Crore+",192946528.0,Rs 0 ~,0.0
Lok Sabha,3579,Basavaraj Bommai,HAVERI,BJP,0,Graduate Professional,"Rs 53,95,04,552 ~ 53 Crore+",539504552.0,"Rs 5,46,34,074 ~ 5 Crore+",54634074.0
Lok Sabha,6787,Bastipati Nagaraju Panchalingala,KURNOOL,TDP,0,Post Graduate,"Rs 9,01,76,000 ~ 9 Crore+",90176000.0,"Rs 19,36,439 ~ 19 Lacs+",1936439.0
Lok Sabha,2272,Benny Behanan,CHALAKUDY,INC,5,Graduate,"Rs 3,50,20,209 ~ 3 Crore+",35020209.0,"Rs 78,93,411 ~ 78 Lacs+",7893411.0
Lok Sabha,2038,Bhagirath Choudhary,AJMER,BJP,0,12th Pass,"Rs 13,38,11,555 ~ 13 Crore+",133811555.0,"Rs 54,32,413 ~ 54 Lacs+",5432413.0
Lok Sabha,451,Bhajan Lal Jatav,KARAULI-DHOLPUR (SC),INC,1,10th Pass,"Rs 3,32,82,184 ~ 3 Crore+",33282184.0,"Rs 1,89,78,157 ~ 1 Crore+",18978157.0
Lok Sabha,3554,Bharat Singh Kushwah,GWALIOR,BJP,0,12th Pass,"Rs 2,88,09,530 ~ 2 Crore+",28809530.0,"Rs 62,76,267 ~ 62 Lacs+",6276267.0
Lok Sabha,4067,Bharatbhai Manubhai Sutariya,AMRELI,BJP,0,10th Pass,"Rs 83,78,748 ~ 83 Lacs+",8378748.0,Rs 0 ~,0.0
Lok Sabha,45,Bharti Pardhi,BALAGHAT,BJP,0,Graduate,"Rs 5,90,18,167 ~ 5 Crore+",59018167.0,Rs 0 ~,0.0
Lok Sabha,7089,Bhaskar Murlidhar Bhagare,DINDORI (ST),Nationalist Congress Party – Sharadchandra Pawar,0,Post Graduate,"Rs 1,74,50,827 ~ 1 Crore+",17450827.0,"Rs 24,44,380 ~ 24 Lacs+",2444380.0
Lok Sabha,5331,Bhausaheb Rajaram Wakchaure,SHIRDI (SC),ShivSena (Uddhav Balasaheb Thackeray),0,Graduate Professional,"Rs 9,75,19,221 ~ 9 Crore+",97519221.0,"Rs 24,32,000 ~ 24 Lacs+",2432000.0
Lok Sabha,1932,Bhojraj Nag,KANKER (ST),BJP,0,8th Pass,"Rs 1,23,94,941 ~ 1 Crore+",12394941.0,"Rs 6,07,061 ~ 6 Lacs+",607061.0
Lok Sabha,5323,Bhumare Sandipanrao Asaram,AURANGABAD,Shiv Sena,4,10th Pass,"Rs 10,30,71,866 ~ 10 Crore+",103071866.0,"Rs 2,45,87,200 ~ 2 Crore+",24587200.0
Lok Sabha,5273,Bhupathi Raju Srinivasa Varma,NARSAPURAM,BJP,0,Post Graduate,"Rs 7,16,64,809 ~ 7 Crore+",71664809.0,"Rs 1,69,26,961 ~ 1 Crore+",16926961.0
Lok Sabha,360,Bhupender Yadav,ALWAR,BJP,0,Graduate Professional,"Rs 2,32,36,037 ~ 2 Crore+",23236037.0,Rs 0 ~,0.0
Lok Sabha,9616,Bibhu Prasad Tarai,JAGATSINGHPUR (SC),BJP,3,Post Graduate,"Rs 1,79,74,886 ~ 1 Crore+",17974886.0,"Rs 9,50,000 ~ 9 Lacs+",950000.0
Lok Sabha,8563,Bidyut Baran Mahato,JAMSHEDPUR,BJP,1,12th Pass,"Rs 3,83,45,063 ~ 3 Crore+",38345063.0,"Rs 48,49,078 ~ 48 Lacs+",4849078.0
Lok Sabha,1156,Biplab Kumar Deb,TRIPURA WEST,BJP,0,Graduate,"Rs 4,99,23,347 ~ 4 Crore+",49923347.0,Rs 0 ~,0.0
Lok Sabha,8803,Birendra Singh,CHANDAULI,SP,3,Graduate,"Rs 18,80,17,648 ~ 18 Crore+",188017648.0,"Rs 11,54,113 ~ 11 Lacs+",1154113.0
Lok Sabha,17,Bishnu Pada Ray,ANDAMAN AND NICOBAR ISLANDS,BJP,0,Graduate,"Rs 2,74,39,170 ~ 2 Crore+",27439170.0,"Rs 3,02,788 ~ 3 Lacs+",302788.0
Lok Sabha,444,Brijendra Singh Ola,JHUNJHUNU,INC,0,Post Graduate,"Rs 16,02,84,000 ~ 16 Crore+",160284000.0,"Rs 3,27,10,000 ~ 3 Crore+",32710000.0
Lok Sabha,3427,Brijmohan Agrawal,RAIPUR,BJP,0,Post Graduate,"Rs 18,02,19,000 ~ 18 Crore+",180219000.0,"Rs 92,33,000 ~ 92 Lacs+",9233000.0
Lok Sabha,587,Bunty Vivek Sahu,CHHINDWARA,BJP,1,Graduate,"Rs 36,77,31,210 ~ 36 Crore+",367731210.0,"Rs 1,22,41,255 ~ 1 Crore+",12241255.0
Lok Sabha,1155,C N Annadurai,TIRUVANNAMALAI,DMK,0,Graduate,"Rs 20,36,86,311 ~ 20 Crore+",203686311.0,"Rs 1,91,56,956 ~ 1 Crore+",19156956.0
Lok Sabha,5139,C R Patil,NAVSARI,BJP,0,Others,"Rs 39,49,30,044 ~ 39 Crore+",394930044.0,"Rs 2,75,82,988 ~ 2 Crore+",27582988.0
Lok Sabha,1889,Captain Brijesh Chowta,DAKSHINA KANNADA,BJP,1,Graduate,"Rs 70,56,365 ~ 70 Lacs+",7056365.0,"Rs 9,62,010 ~ 9 Lacs+",962010.0
Lok Sabha,3876,Captain Viriato Fernandes,SOUTH GOA,INC,1,Graduate Professional,"Rs 5,27,28,999 ~ 5 Crore+",52728999.0,"Rs 3,79,840 ~ 3 Lacs+",379840.0
Lok Sabha,5299,Chamala Kiran Kumar Reddy,BHONGIR,INC,3,12th Pass,"Rs 28,72,11,468 ~ 28 Crore+",287211468.0,"Rs 73,48,373 ~ 73 Lacs+",7348373.0
Lok Sabha,869,Chandan Chauhan,BIJNOR,Rashtriya Lok Dal,3,Graduate Professional,"Rs 7,84,26,582 ~ 7 Crore+",78426582.0,"Rs 25,72,810 ~ 25 Lacs+",2572810.0
Lok Sabha,8523,Chandra Prakash Choudhary,GIRIDIH,AJSU Party,2,Graduate,"Rs 4,98,49,182 ~ 4 Crore+",49849182.0,"Rs 2,70,31,670 ~ 2 Crore+",27031670.0
Lok Sabha,2025,Chandra Prakash Joshi,CHITTORGARH,BJP,0,Graduate Professional,"Rs 4,09,73,304 ~ 4 Crore+",40973304.0,"Rs 86,27,349 ~ 86 Lacs+",8627349.0
Lok Sabha,39,Chandrashekhar,NAGINA (SC),Aazad Samaj Party (Kanshi Ram),36,Graduate Professional,"Rs 39,86,581 ~ 39 Lacs+",3986581.0,Rs 0 ~,0.0
Lok Sabha,3501,Chandubhai Chhaganbhai Shihora,SURENDRANAGAR,BJP,0,12th Pass,"Rs 58,08,789 ~ 58 Lacs+",5808789.0,"Rs 2,66,907 ~ 2 Lacs+",266907.0
Lok Sabha,3769,Chavda Vinod Lakhamshi,KACHCHH (SC),BJP,0,Post Graduate,"Rs 7,09,80,147 ~ 7 Crore+",70980147.0,"Rs 1,56,05,895 ~ 1 Crore+",15605895.0
Lok Sabha,3486,Chhatra Pal Singh Gangwar,BAREILLY,BJP,2,Post Graduate,"Rs 4,87,88,862 ~ 4 Crore+",48788862.0,"Rs 70,44,201 ~ 70 Lacs+",7044201.0
Lok Sabha,3847,Chhatrapati Shahu Shahaji,KOLHAPUR,INC,1,Graduate,"Rs 3,42,86,68,000 ~ 342 Crore+",3428668000.0,Rs 0 ~,0.0
Lok Sabha,9098,Chhotelal,ROBERTSGANJ (SC),SP,0,5th Pass,"Rs 1,99,97,783 ~ 1 Crore+",19997783.0,"Rs 69,54,692 ~ 69 Lacs+",6954692.0
Lok Sabha,3450,Chintamani Maharaj,SURGUJA (ST),BJP,0,12th Pass,"Rs 4,12,98,468 ~ 4 Crore+",41298468.0,"Rs 35,02,648 ~ 35 Lacs+",3502648.0
Lok Sabha,7281,Chirag Paswan,HAJIPUR (SC),Lok Janshakti Party(Ram Vilas),0,12th Pass,"Rs 2,68,75,873 ~ 2 Crore+",26875873.0,Rs 0 ~,0.0
Lok Sabha,3766,Chudasama Rajeshbhai Naranbhai,JUNAGADH,BJP,1,12th Pass,"Rs 3,34,52,812 ~ 3 Crore+",33452812.0,"Rs 9,89,043 ~ 9 Lacs+",989043.0
Lok Sabha,3603,Dabhi Bharatsinhji Shankarji,PATAN,BJP,0,Graduate,"Rs 6,84,30,049 ~ 6 Crore+",68430049.0,"Rs 29,57,861 ~ 29 Lacs+",2957861.0
Lok Sabha,5104,Daggumalla Prasada Rao,CHITTOOR (SC),TDP,0,Graduate,"Rs 38,44,93,765 ~ 38 Crore+",384493765.0,"Rs 8,02,79,565 ~ 8 Crore+",80279565.0
Lok Sabha,2743,Damodar Agarwal,BHILWARA,BJP,1,Post Graduate,"Rs 7,13,92,415 ~ 7 Crore+",71392415.0,"Rs 33,20,600 ~ 33 Lacs+",3320600.0
Lok Sabha,8140,Daroga Prasad Saroj,LALGANJ (SC),SP,3,Graduate,"Rs 5,38,76,725 ~ 5 Crore+",53876725.0,Rs 0 ~,0.0
Lok Sabha,1833,Darshan Singh Choudhary,HOSHANGABAD,BJP,0,Post Graduate,"Rs 93,49,061 ~ 93 Lacs+",9349061.0,Rs 0 ~,0.0
Lok Sabha,1043,Dayanidhi Maran,CHENNAI CENTRAL,DMK,4,Graduate,"Rs 17,07,70,037 ~ 17 Crore+",170770037.0,Rs 0 ~,0.0
Lok Sabha,8497,Deepender Singh Hooda,ROHTAK,INC,0,Post Graduate,"Rs 69,25,58,771 ~ 69 Crore+",692558771.0,"Rs 23,18,344 ~ 23 Lacs+",2318344.0
Lok Sabha,3666,Delkar Kalaben Mohanbhai,DADAR & NAGAR HAVELI (ST),BJP,0,Graduate,"Rs 71,44,54,357 ~ 71 Crore+",714454357.0,"Rs 1,58,39,426 ~ 1 Crore+",15839426.0
Lok Sabha,5083,Devendra Singh Alias Bhole Singh,AKBARPUR,BJP,13,10th Pass,"Rs 4,78,28,524 ~ 4 Crore+",47828524.0,"Rs 99,02,495 ~ 99 Lacs+",9902495.0
Lok Sabha,3703,Devesh Shakya,ETAH,SP,1,Post Graduate,"Rs 3,40,61,340 ~ 3 Crore+",34061340.0,"Rs 4,42,323 ~ 4 Lacs+",442323.0
Lok Sabha,3772,Devusinh Chauhan,KHEDA,BJP,0,Graduate Professional,"Rs 3,49,76,572 ~ 3 Crore+",34976572.0,"Rs 49,96,647 ~ 49 Lacs+",4996647.0
Lok Sabha,3537,Dhairyasheel Sambhajirao Mane,HATKANANGALE,Shiv Sena,0,Graduate,"Rs 4,51,31,759 ~ 4 Crore+",45131759.0,"Rs 1,00,00,000 ~ 1 Crore+",10000000.0
Lok Sabha,300,Dhanorkar Pratibha Suresh Alias Balubhau,CHANDRAPUR,INC,0,12th Pass,"Rs 80,37,22,094 ~ 80 Crore+",803722094.0,"Rs 55,23,86,611 ~ 55 Crore+",552386611.0
Lok Sabha,8558,Dharambir Singh,BHIWANI-MAHENDRAGARH,BJP,0,Graduate,"Rs 11,56,64,424 ~ 11 Crore+",115664424.0,Rs 0 ~,0.0
Lok Sabha,8053,Dharmendra Pradhan,SAMBALPUR,BJP,5,Post Graduate,"Rs 6,92,19,190 ~ 6 Crore+",69219190.0,"Rs 53,37,781 ~ 53 Lacs+",5337781.0
Lok Sabha,8128,Dharmendra Yadav,AZAMGARH,SP,4,Post Graduate,"Rs 13,50,32,793 ~ 13 Crore+",135032793.0,"Rs 3,42,45,511 ~ 3 Crore+",34245511.0
Lok Sabha,3502,Dhaval Laxmanbhai Patel,VALSAD (ST),BJP,0,Post Graduate,"Rs 6,78,50,853 ~ 6 Crore+",67850853.0,Rs 0 ~,0.0
Lok Sabha,2753,Dilip Saikia,DARRANG-UDALGURI,BJP,0,Graduate,"Rs 2,64,42,931 ~ 2 Crore+",26442931.0,"Rs 37,30,107 ~ 37 Lacs+",3730107.0
Lok Sabha,3607,Dimple Yadav,MAINPURI,SP,0,Graduate,"Rs 42,02,62,015 ~ 42 Crore+",420262015.0,"Rs 99,85,548 ~ 99 Lacs+",9985548.0
Lok Sabha,3423,Dinesh Chandra Yadav,MADHEPURA,JD(U),0,Others,"Rs 6,62,09,377 ~ 6 Crore+",66209377.0,Rs 0 ~,0.0
Lok Sabha,3735,Dineshbhai Makwana (Advocate),AHMEDABAD WEST (SC),BJP,0,Graduate Professional,"Rs 14,17,69,586 ~ 14 Crore+",141769586.0,"Rs 1,32,22,046 ~ 1 Crore+",13222046.0
Lok Sabha,216,Dm Kathir Anand,VELLORE,DMK,5,Post Graduate,"Rs 88,79,65,643 ~ 88 Crore+",887965643.0,"Rs 51,16,58,487 ~ 51 Crore+",511658487.0
Lok Sabha,2502,Dr Bhola Singh,BULANDSHAHR (SC),BJP,1,Graduate,"Rs 3,60,17,232 ~ 3 Crore+",36017232.0,"Rs 66,42,427 ~ 66 Lacs+",6642427.0
Lok Sabha,5114,Dr Byreddy Shabari,NANDYAL,TDP,2,Post Graduate,"Rs 14,76,31,050 ~ 14 Crore+",147631050.0,"Rs 3,20,33,423 ~ 3 Crore+",32033423.0
Lok Sabha,2597,Dr C N Manjunath,BANGALORE RURAL,BJP,0,Post Graduate,"Rs 98,38,83,816 ~ 98 Crore+",983883816.0,"Rs 14,81,46,673 ~ 14 Crore+",148146673.0
Lok Sabha,8759,Dr Dharamvira Gandhi,PATIALA,INC,0,Post Graduate,"Rs 8,53,41,885 ~ 8 Crore+",85341885.0,Rs 0 ~,0.0
Lok Sabha,970,Dr Jayanta Kumar Roy,JALPAIGURI (SC),BJP,0,Post Graduate,"Rs 1,93,56,558 ~ 1 Crore+",19356558.0,"Rs 56,196 ~ 56 Thou+",56196.0
Lok Sabha,8,Dr Jitendra Singh,UDHAMPUR,BJP,0,Post Graduate,"Rs 8,59,05,005 ~ 8 Crore+",85905005.0,Rs 0 ~,0.0
Lok Sabha,5309,Dr Pradeep Kumar Panigrahy,BERHAMPUR,BJP,9,Doctorate,"Rs 3,78,08,128 ~ 3 Crore+",37808128.0,"Rs 3,82,00,000 ~ 3 Crore+",38200000.0
Lok Sabha,8762,Dr Rajeev Bhardwaj,KANGRA,BJP,0,Graduate Professional,"Rs 5,87,23,886 ~ 5 Crore+",58723886.0,"Rs 4,24,821 ~ 4 Lacs+",424821.0
Lok Sabha,1808,Dr Rajkumar Sangwan,BAGHPAT,Rashtriya Lok Dal,3,Doctorate,"Rs 47,99,426 ~ 47 Lacs+",4799426.0,Rs 0 ~,0.0
Lok Sabha,1440,Dr Rani Sri Kumar,TENKASI (SC),DMK,0,Post Graduate,"Rs 2,13,75,000 ~ 2 Crore+",21375000.0,"Rs 9,88,040 ~ 9 Lacs+",988040.0
Lok Sabha,7216,Dr Shrikant Eknath Shinde,KALYAN,Shiv Sena,0,Post Graduate,"Rs 14,92,08,812 ~ 14 Crore+",149208812.0,"Rs 6,63,20,443 ~ 6 Crore+",66320443.0
Lok Sabha,5327,Dr. Amol Ramsing Kolhe,SHIRUR,Nationalist Congress Party – Sharadchandra Pawar,0,Graduate Professional,"Rs 8,42,07,251 ~ 8 Crore+",84207251.0,"Rs 4,49,71,049 ~ 4 Crore+",44971049.0
Lok Sabha,3606,Dr. Hemang Joshi,VADODARA,BJP,0,Post Graduate,"Rs 1,03,88,939 ~ 1 Crore+",10388939.0,"Rs 31,80,318 ~ 31 Lacs+",3180318.0
Lok Sabha,7349,Dr. Hemant Vishnu Savara,PALGHAR (ST),BJP,0,Graduate Professional,"Rs 8,16,22,050 ~ 8 Crore+",81622050.0,"Rs 1,07,76,056 ~ 1 Crore+",10776056.0
Lok Sabha,4318,Dr. Kalge Shivaji Bandappa,LATUR (SC),INC,0,Graduate Professional,"Rs 32,26,19,499 ~ 32 Crore+",322619499.0,"Rs 2,38,91,845 ~ 2 Crore+",23891845.0
Lok Sabha,317,Dr. Kirsan Namdeo,GADCHIROLI - CHIMUR (ST),INC,0,Doctorate,"Rs 5,94,76,042 ~ 5 Crore+",59476042.0,"Rs 28,28,488 ~ 28 Lacs+",2828488.0
Lok Sabha,3547,Dr. Lata Wankhede,SAGAR,BJP,0,Doctorate,"Rs 17,34,10,882 ~ 17 Crore+",173410882.0,"Rs 1,38,00,070 ~ 1 Crore+",13800070.0
Lok Sabha,2310,Dr. M.P Abdussamad Samadani,PONNANI,Indian Union Muslim League,1,Doctorate,"Rs 2,19,77,344 ~ 2 Crore+",21977344.0,Rs 0 ~,0.0
Lok Sabha,2512,Dr. Mahesh Sharma,GAUTAM BUDDHA NAGAR,BJP,0,Graduate Professional,"Rs 83,82,09,103 ~ 83 Crore+",838209103.0,"Rs 2,26,89,478 ~ 2 Crore+",22689478.0
Lok Sabha,3393,Dr. Prabha Mallikarjun,DAVANAGERE,INC,0,Graduate,"Rs 2,41,28,03,910 ~ 241 Crore+",2412803910.0,"Rs 24,71,24,278 ~ 24 Crore+",247124278.0
Lok Sabha,313,Dr. Prashant Yadaorao Padole,BHANDARA GONDIYA,INC,0,Graduate Professional,"Rs 14,46,68,874 ~ 14 Crore+",144668874.0,"Rs 2,25,13,000 ~ 2 Crore+",22513000.0
Lok Sabha,8884,Dr. Raj Kumar Chabbewal,HOSHIARPUR (SC),AAP,0,Post Graduate,"Rs 20,76,95,398 ~ 20 Crore+",207695398.0,"Rs 8,44,02,704 ~ 8 Crore+",84402704.0
Lok Sabha,1,Dr. Rajesh Mishra,SIDHI,BJP,1,Post Graduate,"Rs 14,40,08,066 ~ 14 Crore+",144008066.0,"Rs 1,84,27,959 ~ 1 Crore+",18427959.0
Lok Sabha,344,Dr. Ricky Andrew J. Syngkon,SHILLONG (ST),Voice of the People Party,0,Doctorate,"Rs 1,31,28,411 ~ 1 Crore+",13128411.0,"Rs 4,43,048 ~ 4 Lacs+",443048.0
Lok Sabha,5087,Dr. Sharmila Sarkar,BARDHAMAN PURBA (SC),AITC,0,Post Graduate,"Rs 5,49,78,907 ~ 5 Crore+",54978907.0,Rs 0 ~,0.0
Lok Sabha,8081,Dr. Vinod Kumar Bind,BHADOHI,BJP,0,Graduate Professional,"Rs 10,57,66,111 ~ 10 Crore+",105766111.0,"Rs 2,93,13,481 ~ 2 Crore+",29313481.0
Lok Sabha,2473,Dr. Virendra Kumar,TIKAMGARH (SC),BJP,0,Doctorate,"Rs 2,88,37,006 ~ 2 Crore+",28837006.0,Rs 0 ~,0.0
Lok Sabha,1081,Dr.Kalanidhi Veeraswamy,CHENNAI NORTH,DMK,0,Post Graduate,"Rs 61,06,14,066 ~ 61 Crore+",610614066.0,"Rs 38,33,64,472 ~ 38 Crore+",383364472.0
Lok Sabha,5241,Dr.Mallu Ravi,NAGARKURNOOL (SC),INC,6,Graduate Professional,"Rs 52,32,15,816 ~ 52 Crore+",523215816.0,"Rs 4,78,68,830 ~ 4 Crore+",47868830.0
Lok Sabha,7852,Dr.Sanjay Jaiswal,PASCHIM CHAMPARAN,BJP,5,Post Graduate,"Rs 29,05,35,126 ~ 29 Crore+",290535126.0,"Rs 13,525 ~ 13 Thou+",13525.0
Lok Sabha,8469,Dulu Mahato,DHANBAD,BJP,22,12th Pass,"Rs 7,01,20,183 ~ 7 Crore+",70120183.0,"Rs 78,88,835 ~ 78 Lacs+",7888835.0
Lok Sabha,196,Durai Vaiko,TIRUCHIRAPPALLI,Marumalarchi Dravida Munnetra Kazhagam,0,Post Graduate,"Rs 35,90,84,317 ~ 35 Crore+",359084317.0,"Rs 2,55,69,046 ~ 2 Crore+",25569046.0
Lok Sabha,1830,Durgadas (D. D.) Uikey,BETUL (ST),BJP,0,Post Graduate,"Rs 1,84,87,232 ~ 1 Crore+",18487232.0,"Rs 11,82,315 ~ 11 Lacs+",1182315.0
Lok Sabha,2013,Dushyant Singh,JHALAWAR-BARAN,BJP,0,Post Graduate,"Rs 38,93,08,540 ~ 38 Crore+",389308540.0,"Rs 8,65,93,973 ~ 8 Crore+",86593973.0
Lok Sabha,3386,E. Tukaram,BELLARY (ST),INC,0,Post Graduate,"Rs 3,52,67,209 ~ 3 Crore+",35267209.0,"Rs 1,23,25,000 ~ 1 Crore+",12325000.0
Lok Sabha,5238,Eatala Rajender,MALKAJGIRI,BJP,45,Graduate,"Rs 54,01,78,712 ~ 54 Crore+",540178712.0,"Rs 20,41,57,216 ~ 20 Crore+",204157216.0
Lok Sabha,174,Eswarasamy K,POLLACHI,DMK,1,10th Pass,"Rs 34,52,76,957 ~ 34 Crore+",345276957.0,"Rs 9,45,57,521 ~ 9 Crore+",94557521.0
Lok Sabha,7,Faggan Singh Kulaste,MANDLA (ST),BJP,0,Post Graduate,"Rs 5,35,26,381 ~ 5 Crore+",53526381.0,"Rs 33,80,099 ~ 33 Lacs+",3380099.0
Lok Sabha,5300,G M Harish (Balayogi),AMALAPURAM (SC),TDP,0,Graduate Professional,"Rs 10,53,89,128 ~ 10 Crore+",105389128.0,"Rs 1,99,712 ~ 1 Lacs+",199712.0
Lok Sabha,5251,G. Kishan Reddy,SECUNDERABAD,BJP,0,Others,"Rs 19,22,41,721 ~ 19 Crore+",192241721.0,"Rs 1,63,00,000 ~ 1 Crore+",16300000.0
Lok Sabha,3585,G. Kumar Naik,RAICHUR (ST),INC,0,Graduate Professional,"Rs 33,41,28,505 ~ 33 Crore+",334128505.0,"Rs 5,04,02,456 ~ 5 Crore+",50402456.0
Lok Sabha,3930,Gaddigoudar Parvatgouda Chandangouda,BAGALKOT,BJP,0,Graduate Professional,"Rs 7,58,55,750 ~ 7 Crore+",75855750.0,"Rs 2,44,46,219 ~ 2 Crore+",24446219.0
Lok Sabha,7096,Gaikwad Varsha Eknath,MUMBAI NORTH - CENTRAL,INC,7,Post Graduate,"Rs 7,68,48,656 ~ 7 Crore+",76848656.0,"Rs 1,01,60,000 ~ 1 Crore+",10160000.0
Lok Sabha,1843,Gajendra Singh Shekhawat,JODHPUR,BJP,0,Post Graduate,"Rs 19,30,27,658 ~ 19 Crore+",193027658.0,"Rs 1,98,62,350 ~ 1 Crore+",19862350.0
Lok Sabha,1352,Ganapathy Rajkumar P,COIMBATORE,DMK,1,Doctorate,"Rs 89,03,97,608 ~ 89 Crore+",890397608.0,"Rs 3,32,84,669 ~ 3 Crore+",33284669.0
Lok Sabha,1836,Ganesh Singh,SATNA,BJP,3,Post Graduate,"Rs 9,46,81,128 ~ 9 Crore+",94681128.0,"Rs 2,28,64,373 ~ 2 Crore+",22864373.0
Lok Sabha,260,Gaurav Gogoi,JORHAT,INC,1,Post Graduate,"Rs 4,90,61,120 ~ 4 Crore+",49061120.0,Rs 0 ~,0.0
Lok Sabha,3453,Geniben Nagaji Thakor,BANASKANTHA,INC,1,Graduate,"Rs 85,33,965 ~ 85 Lacs+",8533965.0,"Rs 6,27,886 ~ 6 Lacs+",627886.0
Lok Sabha,2229,Giridhari Yadav,BANKA,JD(U),0,Post Graduate,"Rs 1,72,81,101 ~ 1 Crore+",17281101.0,"Rs 56,95,769 ~ 56 Lacs+",5695769.0
Lok Sabha,5058,Giriraj Singh,BEGUSARAI,BJP,3,Graduate,"Rs 14,31,69,297 ~ 14 Crore+",143169297.0,"Rs 90,00,000 ~ 90 Lacs+",9000000.0
Lok Sabha,5395,Godam Nagesh,ADILABAD (ST),BJP,1,Post Graduate,"Rs 3,09,16,833 ~ 3 Crore+",30916833.0,"Rs 29,01,575 ~ 29 Lacs+",2901575.0
Lok Sabha,1531,Gopinath K,KRISHNAGIRI,INC,0,10th Pass,"Rs 12,34,05,500 ~ 12 Crore+",123405500.0,"Rs 1,14,98,082 ~ 1 Crore+",11498082.0
Lok Sabha,1886,Govind Makthappa Karjol,CHITRADURGA (SC),BJP,0,10th Pass,"Rs 4,32,43,598 ~ 4 Crore+",43243598.0,Rs 0 ~,0.0
Lok Sabha,5099,Gumma Thanuja Rani,ARAKU (ST),YSRCP,0,Graduate Professional,"Rs 23,54,678 ~ 23 Lacs+",2354678.0,Rs 0 ~,0.0
Lok Sabha,8734,Gurjeet Singh Aujla,AMRITSAR,INC,0,Graduate,"Rs 5,35,08,591 ~ 5 Crore+",53508591.0,"Rs 1,37,81,750 ~ 1 Crore+",13781750.0
Lok Sabha,8730,Gurmeet Singh Hayer,SANGRUR,AAP,2,Graduate Professional,"Rs 3,74,16,362 ~ 3 Crore+",37416362.0,Rs 0 ~,0.0
Lok Sabha,5125,Gurumoorthy Maddila,THIRUPATHI (SC),YSRCP,0,Graduate Professional,"Rs 1,32,49,134 ~ 1 Crore+",13249134.0,"Rs 10,97,657 ~ 10 Lacs+",1097657.0
Lok Sabha,5069,Gyaneshwar Patil,KHANDWA,BJP,1,12th Pass,"Rs 7,22,37,099 ~ 7 Crore+",72237099.0,"Rs 54,46,068 ~ 54 Lacs+",5446068.0
Lok Sabha,2651,H.D. Kumaraswamy,MANDYA,Janata Dal (Secular),3,Graduate,"Rs 2,17,23,28,789 ~ 217 Crore+",2172328789.0,"Rs 82,18,06,608 ~ 82 Crore+",821806608.0
Lok Sabha,286,Harendra Singh Malik,MUZAFFARNAGAR,SP,1,Graduate,"Rs 9,07,80,765 ~ 9 Crore+",90780765.0,"Rs 11,29,635 ~ 11 Lacs+",1129635.0
Lok Sabha,3774,Haribhai Patel,MAHESANA,BJP,0,Others,"Rs 3,98,63,356 ~ 3 Crore+",39863356.0,"Rs 12,66,000 ~ 12 Lacs+",1266000.0
Lok Sabha,2583,Harish Chandra Meena,TONK-SAWAI MADHOPUR,INC,0,Graduate,"Rs 23,07,94,780 ~ 23 Crore+",230794780.0,Rs 0 ~,0.0
Lok Sabha,7899,Harsh Malhotra,EAST DELHI,BJP,0,Graduate Professional,"Rs 4,08,24,015 ~ 4 Crore+",40824015.0,Rs 0 ~,0.0
