state,totalAllocated,totalExpenditure,utilizationPercentage,mpCount,totalMPs,totalWorksCompleted,completedWorksCount,recommendedWorksCount
Nagaland,353563957.11,340711200.00,96.40,2,2,108,108,136
Sikkim,302174649.22,191442370.00,63.40,2,2,123,123,247
Meghalaya,294000000.00,172825000.00,58.80,3,3,235,235,593
Mizoram,171500000.00,96361729.00,56.20,2,2,134,134,279
Arunachal Pradesh,343000000.00,189467486.00,55.20,3,3,231,231,322
Manipur,343000000.00,187392355.00,54.60,3,3,36,36,118
Uttar Pradesh,17635562208.78,9313180069.89,52.80,111,111,10799,10799,26682
Bihar,8513486680.34,3963330925.00,46.60,55,55,3947,3947,7794
Jharkhand,3029597994.93,1382725104.00,45.60,19,19,1040,1040,5905
Himachal Pradesh,1033386998.44,465236619.04,45.00,7,7,782,782,2685
Punjab,3137546001.45,1408040293.67,44.90,19,19,2097,2097,5378
Tamil Nadu,8472493090.38,3801574761.00,44.90,58,58,3669,3669,7121
Chhattisgarh,2458511981.39,1009685355.50,41.10,16,16,1090,1090,2752
Madhya Pradesh,5926218108.37,2437607924.12,41.10,40,40,2700,2700,9027
Assam,2794428071.33,954827611.44,34.20,21,21,236,236,2812
Karnataka,6284354763.88,1903287119.00,30.30,42,42,1334,1334,6187
West Bengal,7886496151.29,2383893214.38,30.20,53,53,2613,2613,6012
Tripura,416500000.00,123608205.00,29.70,3,3,44,44,141
Gujarat,5047467459.47,1436815136.00,28.50,35,35,3222,3222,9933
Rajasthan,5139829373.26,1450989140.11,28.20,35,35,1385,1385,4420
Puducherry,502250828.60,134898703.00,26.90,2,2,45,45,183
Uttarakhand,1304873590.51,349267508.00,26.80,8,8,361,361,1481
Lakshadweep,153942460.41,39737225.00,25.80,1,1,2,2,32
Telangana,3948212720.37,975240719.00,24.70,23,23,2419,2419,6207
Andhra Pradesh,5590113929.82,1351515209.00,24.20,37,37,1539,1539,4610
Jammu And Kashmir,1232837429.22,292743742.00,23.70,10,10,527,527,1418
Haryana,2117454264.00,480065468.00,22.70,15,15,495,495,2303
Kerala,5246633765.21,1190023450.00,22.70,31,31,1446,1446,6198
Goa,465500000.00,104070932.99,22.40,3,3,58,58,290
Maharashtra,9522796648.27,2070917200.00,21.70,67,67,1211,1211,5932
Odisha,4509427388.71,766357484.00,17.00,31,31,1570,1570,6985
Chandigarh,325351443.75,41803175.00,12.80,2,2,36,36,140
Delhi,1682994118.11,206233037.00,12.30,11,11,253,253,763
Andaman And Nicobar Islands,147000000.00,15521947.00,10.60,1,1,0,0,29
Ladakh,161114542.00,6009392.00,3.70,1,1,0,0,55
The Dadra And Nagar Haveli And Daman And Diu,514563957.00,2400000.00,0.50,2,2,1,1,63
